timeH,eventCode,eAvailableMWh,eSourceUsedMWh,eElectricityInputMWh,eHydrogenInputMWh,eFlexibleComputeInputMWh,eCableReceivedMWh,h2ProducedKg,h2PipeDeliveredKg,h2ShipDeliveredKg,h2DeliveredKg,h2InventoryDeltaKg,eComputeServiceMWhCS,eCurtailmentMWh,ensMWh,outputRevenueCNY,operatingCostCNY,economicNetCostCNY,exitflag,auditPass,runStatus,strictPass,relaxedPass,strategyId,realizedElectricityShare,realizedHydrogenShare,realizedComputeShare,ratioActive,forecastMode,priorAvailableMW,posteriorAvailableMW,forecastSigmaMW,planningAvailableMW,forecastErrorMW,planningWindowH,plannedFirstHourAllocatedMW,plannedFirstHourHydrogenMW,plannedWindowHydrogenMWh,plannedMinimumAllocatedInputMW,plannedElectricityShare,plannedHydrogenShare,plannedComputeShare,rawPlannedElectricityShare,rawPlannedHydrogenShare,rawPlannedComputeShare,plannedRatioActive,planHeldByDeadband,planShareChangeL1,eventRiskLevel,riskQuantile,bessReserveTargetSOC,h2ReserveTargetKg,bessReserveShortfallMWh,h2ReserveShortfallKg,reserveMode,planStatus,planFallbackUsed,planFallbackMessage,reserveConstraintRelaxationUsed,reliabilityRelaxationUsed,minimumFeasibleENSMWh,reserveTargetEnforced,reserveTargetFallbackUsed,normalStateFloorEnforced,normalBessFloorShortfallMWh,normalH2FloorShortfallKg,surplusRedispatchUsed,surplusRedispatchHydrogenMWh,surplusRedispatchCurtailmentReductionMWh,surplusRedispatchTriggerMW,mainConclusionEligible,mainConclusionStatus,pSourceAvailableMW,pSourceUsedMW,pCurtailmentMW,pBessChargeMW,pBessDischargeMW,bessSOC,pElectrolyzerMW,h2InventoryKg,pH2PowerMW,pCableSendMW,pComputeFacilityMW,pComputeBaseUnservedMW,pMarineUnservedMW,pInternalUnservedMW,pWindAvailableMW,pPVAvailableMW,pTidalAvailableMW
0,NORMAL,327.969049616543,287.805789473684,200,0,0,184,0,0,0,0,0,0,40.1632601428591,0,79246.56,5756.11578947368,-98774.8642105263,1,1,PASS_STRICT,1,0,baseline_E_asset_only,1,0,0,1,CURRENT_OBSERVATION,NaN,NaN,NaN,NaN,NaN,1,NaN,NaN,NaN,0,NaN,NaN,NaN,NaN,NaN,NaN,0,0,NaN,0,0.5,NaN,NaN,NaN,NaN,NONE,NOT_APPLICABLE_CURRENT_OBSERVATION,0,,0,0,NaN,0,0,0,NaN,NaN,0,NaN,NaN,40.1632601428591,1,MAIN_CONCLUSION_ELIGIBLE,327.969049616543,287.805789473684,40.1632601428591,66.3157894736842,0,0.89375,0,0,0,200,0,0,0,0,314.3056,13.0214041862257,0.642045430317657
1,NORMAL,314.917570879358,221.49,200,0,0,184,0,0,0,0,0,0,93.427570879358,0,79246.56,4429.8,-74816.76,1,1,PASS_STRICT,1,0,baseline_E_asset_only,1,0,0,1,CURRENT_OBSERVATION,NaN,NaN,NaN,NaN,NaN,1,NaN,NaN,NaN,0,NaN,NaN,NaN,NaN,NaN,NaN,0,0,NaN,0,0.5,NaN,NaN,NaN,NaN,NONE,NOT_APPLICABLE_CURRENT_OBSERVATION,0,,0,0,NaN,0,0,0,NaN,NaN,0,NaN,NaN,93.427570879358,1,MAIN_CONCLUSION_ELIGIBLE,314.917570879358,221.49,93.427570879358,0,0,0.89375,0,0,0,200,0,0,0,0,286.3756,27.2092983259927,1.33267255336529
2,NORMAL,291.840438733695,221.49,200,0,0,184,0,0,0,0,0,0,70.3504387336953,0,79246.56,4429.8,-74816.76,1,1,PASS_STRICT,1,0,baseline_E_asset_only,1,0,0,1,CURRENT_OBSERVATION,NaN,NaN,NaN,NaN,NaN,1,NaN,NaN,NaN,0,NaN,NaN,NaN,NaN,NaN,NaN,0,0,NaN,0,0.5,NaN,NaN,NaN,NaN,NONE,NOT_APPLICABLE_CURRENT_OBSERVATION,0,,0,0,NaN,0,0,0,NaN,NaN,0,NaN,NaN,70.3504387336953,1,MAIN_CONCLUSION_ELIGIBLE,291.840438733695,221.49,70.3504387336953,0,0,0.89375,0,0,0,200,0,0,0,0,249.508,40.1699680641617,2.16247066953362
3,NORMAL,232.456082987042,221.49,200,0,0,184,0,0,0,0,0,0,10.9660829870421,0,79246.56,4429.8,-74816.76,1,1,PASS_STRICT,1,0,baseline_E_asset_only,1,0,0,1,CURRENT_OBSERVATION,NaN,NaN,NaN,NaN,NaN,1,NaN,NaN,NaN,0,NaN,NaN,NaN,NaN,NaN,NaN,0,0,NaN,0,0.5,NaN,NaN,NaN,NaN,NONE,NOT_APPLICABLE_CURRENT_OBSERVATION,0,,0,0,NaN,0,0,0,NaN,NaN,0,NaN,NaN,10.9660829870421,1,MAIN_CONCLUSION_ELIGIBLE,232.456082987042,221.49,10.9660829870421,0,0,0.89375,0,0,0,200,0,0,0,0,176.89,52.2046676557883,3.36141533125378
4,NORMAL,189.034659350842,189.034659350842,167.544659350842,0,0,154.141086602775,0,0,0,0,0,0,0,0,67262.9836971576,3780.69318701684,-63482.2905101407,1,1,PASS_STRICT,1,0,baseline_E_asset_only,1,0,0,1,CURRENT_OBSERVATION,NaN,NaN,NaN,NaN,NaN,1,NaN,NaN,NaN,0,NaN,NaN,NaN,NaN,NaN,NaN,0,0,NaN,0,0.5,NaN,NaN,NaN,NaN,NONE,NOT_APPLICABLE_CURRENT_OBSERVATION,0,,0,0,NaN,0,0,0,NaN,NaN,0,NaN,NaN,0,1,MAIN_CONCLUSION_ELIGIBLE,189.034659350842,189.034659350842,0,0,0,0.89375,0,0,0,167.544659350842,0,0,0,0,123.088,61.1244315922755,4.82222775856656
5,NORMAL,158.383746939714,158.383746939714,136.893746939714,0,0,125.942247184537,0,0,0,0,0,0,0,0,55945.6614850419,3167.67493879428,-52777.9865462477,1,1,PASS_STRICT,1,0,baseline_E_asset_only,1,0,0,1,CURRENT_OBSERVATION,NaN,NaN,NaN,NaN,NaN,1,NaN,NaN,NaN,0,NaN,NaN,NaN,NaN,NaN,NaN,0,0,NaN,0,0.5,NaN,NaN,NaN,NaN,NONE,NOT_APPLICABLE_CURRENT_OBSERVATION,0,,0,0,NaN,0,0,0,NaN,NaN,0,NaN,NaN,0,1,MAIN_CONCLUSION_ELIGIBLE,158.383746939714,158.383746939714,0,0,0,0.89375,0,0,0,136.893746939714,0,0,0,0,94.864,57.0362761655473,6.48347077416645
6,NORMAL,149.704634262795,149.704634262795,128.214634262795,0,0,117.957463521771,0,0,0,0,0,0,0,0,52741.0484098276,2994.09268525589,-49746.9557245717,1,1,PASS_STRICT,1,0,baseline_E_asset_only,1,0,0,1,CURRENT_OBSERVATION,NaN,NaN,NaN,NaN,NaN,1,NaN,NaN,NaN,0,NaN,NaN,NaN,NaN,NaN,NaN,0,0,NaN,0,0.5,NaN,NaN,NaN,NaN,NONE,NOT_APPLICABLE_CURRENT_OBSERVATION,0,,0,0,NaN,0,0,0,NaN,NaN,0,NaN,NaN,0,1,MAIN_CONCLUSION_ELIGIBLE,149.704634262795,149.704634262795,0,0,0,0.89375,0,0,0,128.214634262795,0,0,0,0,87.808,45.4923059270679,16.4043283357266
7,NORMAL,158.133331487122,158.133331487122,136.643331487122,0,0,125.711864968152,0,0,0,0,0,0,0,0,55853.1998863181,3162.66662974243,-52690.5332565756,1,1,PASS_STRICT,1,0,baseline_E_asset_only,1,0,0,1,CURRENT_OBSERVATION,NaN,NaN,NaN,NaN,NaN,1,NaN,NaN,NaN,0,NaN,NaN,NaN,NaN,NaN,NaN,0,0,NaN,0,0.5,NaN,NaN,NaN,NaN,NONE,NOT_APPLICABLE_CURRENT_OBSERVATION,0,,0,0,NaN,0,0,0,NaN,NaN,0,NaN,NaN,0,1,MAIN_CONCLUSION_ELIGIBLE,158.133331487122,158.133331487122,0,0,0,0.89375,0,0,0,136.643331487122,0,0,0,0,104.86,33.6866159852672,19.5867155018544
8,NORMAL,179.434951368027,179.434951368027,157.944951368027,0,0,145.309355258585,0,0,0,0,0,0,0,0,63718.4566394805,3588.69902736055,-60129.75761212,1,1,PASS_STRICT,1,0,baseline_E_asset_only,1,0,0,1,CURRENT_OBSERVATION,NaN,NaN,NaN,NaN,NaN,1,NaN,NaN,NaN,0,NaN,NaN,NaN,NaN,NaN,NaN,0,0,NaN,0,0.5,NaN,NaN,NaN,NaN,NONE,NOT_APPLICABLE_CURRENT_OBSERVATION,0,,0,0,NaN,0,0,0,NaN,NaN,0,NaN,NaN,0,1,MAIN_CONCLUSION_ELIGIBLE,179.434951368027,179.434951368027,0,0,0,0.89375,0,0,0,157.944951368027,0,0,0,0,138.376,18.3243180237534,22.7346333442739
9,NORMAL,204.820843804893,204.820843804893,183.330843804893,0,0,168.664376300501,0,0,0,0,0,0,0,0,73091.7607844431,4096.41687609785,-68995.3439083453,1,1,PASS_STRICT,1,0,baseline_E_asset_only,1,0,0,1,CURRENT_OBSERVATION,NaN,NaN,NaN,NaN,NaN,1,NaN,NaN,NaN,0,NaN,NaN,NaN,NaN,NaN,NaN,0,0,NaN,0,0.5,NaN,NaN,NaN,NaN,NONE,NOT_APPLICABLE_CURRENT_OBSERVATION,0,,0,0,NaN,0,0,0,NaN,NaN,0,NaN,NaN,0,1,MAIN_CONCLUSION_ELIGIBLE,204.820843804893,204.820843804893,0,0,0,0.89375,0,0,0,183.330843804893,0,0,0,0,174.6556,4.18158389889633,25.9836599059962
10,NORMAL,233.9947898688,221.49,200,0,0,184,0,0,0,0,0,0,12.5047898688002,0,79246.56,4429.8,-74816.76,1,1,PASS_STRICT,1,0,baseline_E_asset_only,1,0,0,1,CURRENT_OBSERVATION,NaN,NaN,NaN,NaN,NaN,1,NaN,NaN,NaN,0,NaN,NaN,NaN,NaN,NaN,NaN,0,0,NaN,0,0.5,NaN,NaN,NaN,NaN,NONE,NOT_APPLICABLE_CURRENT_OBSERVATION,0,,0,0,NaN,0,0,0,NaN,NaN,0,NaN,NaN,12.5047898688002,1,MAIN_CONCLUSION_ELIGIBLE,233.9947898688,221.49,12.5047898688002,0,0,0.89375,0,0,0,200,0,0,0,0,204.82,0,29.1747898688002
11,NORMAL,254.1043898688,221.49,200,0,0,184,0,0,0,0,0,0,32.6143898688001,0,79246.56,4429.8,-74816.76,1,1,PASS_STRICT,1,0,baseline_E_asset_only,1,0,0,1,CURRENT_OBSERVATION,NaN,NaN,NaN,NaN,NaN,1,NaN,NaN,NaN,0,NaN,NaN,NaN,NaN,NaN,NaN,0,0,NaN,0,0.5,NaN,NaN,NaN,NaN,NONE,NOT_APPLICABLE_CURRENT_OBSERVATION,0,,0,0,NaN,0,0,0,NaN,NaN,0,NaN,NaN,32.6143898688001,1,MAIN_CONCLUSION_ELIGIBLE,254.1043898688,221.49,32.6143898688001,0,0,0.89375,0,0,0,200,0,0,0,0,224.9296,0,29.1747898688002
12,NORMAL,221.578,221.13,200,0,0,184,0,0,0,0,0,0,0.448000000000064,0,79246.56,4422.6,-74823.96,1,1,PASS_STRICT,1,0,baseline_E_asset_only,1,0,0,1,CURRENT_OBSERVATION,NaN,NaN,NaN,NaN,NaN,1,NaN,NaN,NaN,0,NaN,NaN,NaN,NaN,NaN,NaN,0,0,NaN,0,0.5,NaN,NaN,NaN,NaN,NONE,NOT_APPLICABLE_CURRENT_OBSERVATION,0,,0,0,NaN,0,0,0,NaN,NaN,0,NaN,NaN,0.448000000000064,1,MAIN_CONCLUSION_ELIGIBLE,221.578,221.13,0.448000000000064,0,0,0.89375,0,0,0,200,0,0,0,0,221.578,0,0
13,NORMAL,196.9996,196.9996,175.8696,0,0,161.800032,0,0,0,0,0,0,0,0,70336.82484288,3939.992,-66396.83284288,1,1,PASS_STRICT,1,0,baseline_E_asset_only,1,0,0,1,CURRENT_OBSERVATION,NaN,NaN,NaN,NaN,NaN,1,NaN,NaN,NaN,0,NaN,NaN,NaN,NaN,NaN,NaN,0,0,NaN,0,0.5,NaN,NaN,NaN,NaN,NONE,NOT_APPLICABLE_CURRENT_OBSERVATION,0,,0,0,NaN,0,0,0,NaN,NaN,0,NaN,NaN,0,1,MAIN_CONCLUSION_ELIGIBLE,196.9996,196.9996,0,0,0,0.89375,0,0,0,175.8696,0,0,0,0,196.9996,0,0
14,NORMAL,159.0148,159.0148,137.8848,0,0,126.854016,0,0,0,0,0,0,0,0,56311.59078144,3180.296,-53131.29478144,1,1,PASS_STRICT,1,0,baseline_E_asset_only,1,0,0,1,CURRENT_OBSERVATION,NaN,NaN,NaN,NaN,NaN,1,NaN,NaN,NaN,0,NaN,NaN,NaN,NaN,NaN,NaN,0,0,NaN,0,0.5,NaN,NaN,NaN,NaN,NONE,NOT_APPLICABLE_CURRENT_OBSERVATION,0,,0,0,NaN,0,0,0,NaN,NaN,0,NaN,NaN,0,1,MAIN_CONCLUSION_ELIGIBLE,159.0148,159.0148,0,0,0,0.89375,0,0,0,137.8848,0,0,0,0,159.0148,0,0
15,NORMAL,135.436,135.436,114.306,0,0,105.16152,0,0,0,0,0,0,0,0,47605.5244368,2708.72,-44896.8044368,1,1,PASS_STRICT,1,0,baseline_E_asset_only,1,0,0,1,CURRENT_OBSERVATION,NaN,NaN,NaN,NaN,NaN,1,NaN,NaN,NaN,0,NaN,NaN,NaN,NaN,NaN,NaN,0,0,NaN,0,0.5,NaN,NaN,NaN,NaN,NONE,NOT_APPLICABLE_CURRENT_OBSERVATION,0,,0,0,NaN,0,0,0,NaN,NaN,0,NaN,NaN,0,1,MAIN_CONCLUSION_ELIGIBLE,135.436,135.436,0,0,0,0.89375,0,0,0,114.306,0,0,0,0,135.436,0,0
16,NORMAL,124.074470669534,124.074470669534,102.584470669534,0,0,94.3777130159709,0,0,0,0,0,0,0,0,43277.5513418298,2481.48941339067,-40796.0619284391,1,1,PASS_STRICT,1,0,baseline_E_asset_only,1,0,0,1,CURRENT_OBSERVATION,NaN,NaN,NaN,NaN,NaN,1,NaN,NaN,NaN,0,NaN,NaN,NaN,NaN,NaN,NaN,0,0,NaN,0,0.5,NaN,NaN,NaN,NaN,NONE,NOT_APPLICABLE_CURRENT_OBSERVATION,0,,0,0,NaN,0,0,0,NaN,NaN,0,NaN,NaN,0,1,MAIN_CONCLUSION_ELIGIBLE,124.074470669534,124.074470669534,0,0,0,0.89375,0,0,0,102.584470669534,0,0,0,0,121.912,0,2.16247066953362
17,NORMAL,115.865415331254,115.865415331254,94.3754153312537,0,0,86.8253821047535,0,0,0,0,0,0,0,0,40246.4988539218,2317.30830662508,-37929.1905472967,1,1,PASS_STRICT,1,0,baseline_E_asset_only,1,0,0,1,CURRENT_OBSERVATION,NaN,NaN,NaN,NaN,NaN,1,NaN,NaN,NaN,0,NaN,NaN,NaN,NaN,NaN,NaN,0,0,NaN,0,0.5,NaN,NaN,NaN,NaN,NONE,NOT_APPLICABLE_CURRENT_OBSERVATION,0,,0,0,NaN,0,0,0,NaN,NaN,0,NaN,NaN,0,1,MAIN_CONCLUSION_ELIGIBLE,115.865415331254,115.865415331254,0,0,0,0.89375,0,0,0,94.3754153312537,0,0,0,0,112.504,0,3.36141533125378
18,NORMAL,111.446227758567,111.446227758567,89.9562277585666,0,0,82.7597295378812,0,0,0,0,0,0,0,0,38614.7898527333,2228.92455517133,-36385.8652975619,1,1,PASS_STRICT,1,0,baseline_E_asset_only,1,0,0,1,CURRENT_OBSERVATION,NaN,NaN,NaN,NaN,NaN,1,NaN,NaN,NaN,0,NaN,NaN,NaN,NaN,NaN,NaN,0,0,NaN,0,0.5,NaN,NaN,NaN,NaN,NONE,NOT_APPLICABLE_CURRENT_OBSERVATION,0,,0,0,NaN,0,0,0,NaN,NaN,0,NaN,NaN,0,1,MAIN_CONCLUSION_ELIGIBLE,111.446227758567,111.446227758567,0,0,0,0.89375,0,0,0,89.9562277585666,0,0,0,0,106.624,0,4.82222775856656
19,NORMAL,110.167470774166,110.167470774166,88.6774707741665,0,0,81.5832731122332,0,0,0,0,0,0,0,0,38142.6308308637,2203.34941548333,-35939.2814153803,1,1,PASS_STRICT,1,0,baseline_E_asset_only,1,0,0,1,CURRENT_OBSERVATION,NaN,NaN,NaN,NaN,NaN,1,NaN,NaN,NaN,0,NaN,NaN,NaN,NaN,NaN,NaN,0,0,NaN,0,0.5,NaN,NaN,NaN,NaN,NONE,NOT_APPLICABLE_CURRENT_OBSERVATION,0,,0,0,NaN,0,0,0,NaN,NaN,0,NaN,NaN,0,1,MAIN_CONCLUSION_ELIGIBLE,110.167470774166,110.167470774166,0,0,0,0.89375,0,0,0,88.6774707741665,0,0,0,0,103.684,0,6.48347077416645
20,NORMAL,109.854633421327,109.854633421327,88.3646334213275,0,0,81.2954627476213,0,0,0,0,0,0,0,0,38027.1210191303,2197.09266842655,-35830.0283507038,1,1,PASS_STRICT,1,0,baseline_E_asset_only,1,0,0,1,CURRENT_OBSERVATION,NaN,NaN,NaN,NaN,NaN,1,NaN,NaN,NaN,0,NaN,NaN,NaN,NaN,NaN,NaN,0,0,NaN,0,0.5,NaN,NaN,NaN,NaN,NONE,NOT_APPLICABLE_CURRENT_OBSERVATION,0,,0,0,NaN,0,0,0,NaN,NaN,0,NaN,NaN,0,1,MAIN_CONCLUSION_ELIGIBLE,109.854633421327,109.854633421327,0,0,0,0.89375,0,0,0,88.3646334213275,0,0,0,0,101.332,0,8.52263342132742
21,NORMAL,120.438633421327,120.438633421327,98.9486334213274,0,0,91.0327427476212,0,0,0,0,0,0,0,0,41935.0809743303,2408.77266842655,-39526.3083059038,1,1,PASS_STRICT,1,0,baseline_E_asset_only,1,0,0,1,CURRENT_OBSERVATION,NaN,NaN,NaN,NaN,NaN,1,NaN,NaN,NaN,0,NaN,NaN,NaN,NaN,NaN,NaN,0,0,NaN,0,0.5,NaN,NaN,NaN,NaN,NONE,NOT_APPLICABLE_CURRENT_OBSERVATION,0,,0,0,NaN,0,0,0,NaN,NaN,0,NaN,NaN,0,1,MAIN_CONCLUSION_ELIGIBLE,120.438633421327,120.438633421327,0,0,0,0.89375,0,0,0,98.9486334213274,0,0,0,0,111.916,0,8.52263342132742
22,NORMAL,135.451470774166,135.451470774166,113.961470774166,0,0,104.844553112233,0,0,0,0,0,0,0,0,47478.3129460636,2709.02941548333,-44769.2835305803,1,1,PASS_STRICT,1,0,baseline_E_asset_only,1,0,0,1,CURRENT_OBSERVATION,NaN,NaN,NaN,NaN,NaN,1,NaN,NaN,NaN,0,NaN,NaN,NaN,NaN,NaN,NaN,0,0,NaN,0,0.5,NaN,NaN,NaN,NaN,NONE,NOT_APPLICABLE_CURRENT_OBSERVATION,0,,0,0,NaN,0,0,0,NaN,NaN,0,NaN,NaN,0,1,MAIN_CONCLUSION_ELIGIBLE,135.451470774166,135.451470774166,0,0,0,0.89375,0,0,0,113.961470774166,0,0,0,0,128.968,0,6.48347077416645
23,NORMAL,149.660359508325,149.660359508325,128.170359508325,0,0,117.916730747659,0,0,0,0,0,0,0,0,52724.7007182656,2993.2071901665,-49731.493528099,1,1,PASS_STRICT,1,0,baseline_E_asset_only,1,0,0,1,CURRENT_OBSERVATION,NaN,NaN,NaN,NaN,NaN,1,NaN,NaN,NaN,0,NaN,NaN,NaN,NaN,NaN,NaN,0,0,NaN,0,0.5,NaN,NaN,NaN,NaN,NONE,NOT_APPLICABLE_CURRENT_OBSERVATION,0,,0,0,NaN,0,0,0,NaN,NaN,0,NaN,NaN,0,1,MAIN_CONCLUSION_ELIGIBLE,149.660359508325,149.660359508325,0,0,0,0.89375,0,0,0,128.170359508325,0,0,0,0,143.668,1.1701317497587,4.82222775856656
24,NORMAL,176.716251931771,176.716251931771,155.586251931771,0,0,143.139351777229,0,0,0,0,0,0,0,0,62847.5474422731,3534.32503863541,-59313.2224036377,1,1,PASS_STRICT,1,0,baseline_E_asset_only,1,0,0,1,CURRENT_OBSERVATION,NaN,NaN,NaN,NaN,NaN,1,NaN,NaN,NaN,0,NaN,NaN,NaN,NaN,NaN,NaN,0,0,NaN,0,0.5,NaN,NaN,NaN,NaN,NONE,NOT_APPLICABLE_CURRENT_OBSERVATION,0,,0,0,NaN,0,0,0,NaN,NaN,0,NaN,NaN,0,1,MAIN_CONCLUSION_ELIGIBLE,176.716251931771,176.716251931771,0,0,0,0.89375,0,0,0,155.586251931771,0,0,0,0,161.2492,15.4670519317706,0
25,NORMAL,211.253226442193,211.253226442193,190.123226442193,0,0,174.913368326817,0,0,0,0,0,0,0,0,75599.7312442848,4225.06452884385,-71374.666715441,1,1,PASS_STRICT,1,0,baseline_E_asset_only,1,0,0,1,CURRENT_OBSERVATION,NaN,NaN,NaN,NaN,NaN,1,NaN,NaN,NaN,0,NaN,NaN,NaN,NaN,NaN,NaN,0,0,NaN,0,0.5,NaN,NaN,NaN,NaN,NONE,NOT_APPLICABLE_CURRENT_OBSERVATION,0,,0,0,NaN,0,0,0,NaN,NaN,0,NaN,NaN,0,1,MAIN_CONCLUSION_ELIGIBLE,211.253226442193,211.253226442193,0,0,0,0.89375,0,0,0,190.123226442193,0,0,0,0,175.7728,35.4804264421927,0
26,NORMAL,234.917611746144,221.13,200,0,0,184,0,0,0,0,0,0,13.7876117461439,0,79246.56,4422.6,-74823.96,1,1,PASS_STRICT,1,0,baseline_E_asset_only,1,0,0,1,CURRENT_OBSERVATION,NaN,NaN,NaN,NaN,NaN,1,NaN,NaN,NaN,0,NaN,NaN,NaN,NaN,NaN,NaN,0,0,NaN,0,0.5,NaN,NaN,NaN,NaN,NONE,NOT_APPLICABLE_CURRENT_OBSERVATION,0,,0,0,NaN,0,0,0,NaN,NaN,0,NaN,NaN,13.7876117461439,1,MAIN_CONCLUSION_ELIGIBLE,234.917611746144,221.13,13.7876117461439,0,0,0.89375,0,0,0,200,0,0,0,0,182.476,52.4416117461439,0
27,NORMAL,235.344559933185,221.13,200,0,0,184,0,0,0,0,0,0,14.2145599331846,0,79246.56,4422.6,-74823.96,1,1,PASS_STRICT,1,0,baseline_E_asset_only,1,0,0,1,CURRENT_OBSERVATION,NaN,NaN,NaN,NaN,NaN,1,NaN,NaN,NaN,0,NaN,NaN,NaN,NaN,NaN,NaN,0,0,NaN,0,0.5,NaN,NaN,NaN,NaN,NONE,NOT_APPLICABLE_CURRENT_OBSERVATION,0,,0,0,NaN,0,0,0,NaN,NaN,0,NaN,NaN,14.2145599331846,1,MAIN_CONCLUSION_ELIGIBLE,235.344559933185,221.13,14.2145599331846,0,0,0.89375,0,0,0,200,0,0,0,0,176.89,58.4545599331846,0
28,NORMAL,209.956409748643,209.956409748643,188.826409748643,0,0,173.720296968752,0,0,0,0,0,0,0,0,75120.9039854388,4199.12819497286,-70921.7757904659,1,1,PASS_STRICT,1,0,baseline_E_asset_only,1,0,0,1,CURRENT_OBSERVATION,NaN,NaN,NaN,NaN,NaN,1,NaN,NaN,NaN,0,NaN,NaN,NaN,NaN,NaN,NaN,0,0,NaN,0,0.5,NaN,NaN,NaN,NaN,NONE,NOT_APPLICABLE_CURRENT_OBSERVATION,0,,0,0,NaN,0,0,0,NaN,NaN,0,NaN,NaN,0,1,MAIN_CONCLUSION_ELIGIBLE,209.956409748643,209.956409748643,0,0,0,0.89375,0,0,0,188.826409748643,0,0,0,0,148.96,60.996409748643,0
29,NORMAL,173.53876448071,173.53876448071,152.40876448071,0,0,140.216063322253,0,0,0,0,0,0,0,0,61674.3148537529,3470.77528961419,-58203.5395641387,1,1,PASS_STRICT,1,0,baseline_E_asset_only,1,0,0,1,CURRENT_OBSERVATION,NaN,NaN,NaN,NaN,NaN,1,NaN,NaN,NaN,0,NaN,NaN,NaN,NaN,NaN,NaN,0,0,NaN,0,0.5,NaN,NaN,NaN,NaN,NONE,NOT_APPLICABLE_CURRENT_OBSERVATION,0,,0,0,NaN,0,0,0,NaN,NaN,0,NaN,NaN,0,1,MAIN_CONCLUSION_ELIGIBLE,173.53876448071,173.53876448071,0,0,0,0.89375,0,0,0,152.40876448071,0,0,0,0,124.852,48.6867644807095,0
30,NORMAL,149.387038948077,149.387038948077,128.257038948077,0,0,117.996475832231,0,0,0,0,0,0,0,0,52756.7056105075,2987.74077896154,-49768.964831546,1,1,PASS_STRICT,1,0,baseline_E_asset_only,1,0,0,1,CURRENT_OBSERVATION,NaN,NaN,NaN,NaN,NaN,1,NaN,NaN,NaN,0,NaN,NaN,NaN,NaN,NaN,NaN,0,0,NaN,0,0.5,NaN,NaN,NaN,NaN,NONE,NOT_APPLICABLE_CURRENT_OBSERVATION,0,,0,0,NaN,0,0,0,NaN,NaN,0,NaN,NaN,0,1,MAIN_CONCLUSION_ELIGIBLE,149.387038948077,149.387038948077,0,0,0,0.89375,0,0,0,128.257038948077,0,0,0,0,103.684,45.703038948077,0
31,NORMAL,119.828151936921,119.828151936921,98.6981519369206,0,0,90.802299781967,0,0,0,0,0,0,0,0,41842.5949944946,2396.56303873841,-39446.0319557562,1,1,PASS_STRICT,1,0,baseline_E_asset_only,1,0,0,1,CURRENT_OBSERVATION,NaN,NaN,NaN,NaN,NaN,1,NaN,NaN,NaN,0,NaN,NaN,NaN,NaN,NaN,NaN,0,0,NaN,0,0.5,NaN,NaN,NaN,NaN,NONE,NOT_APPLICABLE_CURRENT_OBSERVATION,0,,0,0,NaN,0,0,0,NaN,NaN,0,NaN,NaN,0,1,MAIN_CONCLUSION_ELIGIBLE,119.828151936921,119.828151936921,0,0,0,0.89375,0,0,0,98.6981519369206,0,0,0,0,90.748,29.0801519369206,0
32,NORMAL,103.495924044676,103.495924044676,82.3659240446763,0,0,75.7766501211022,0,0,0,0,0,0,0,0,35812.2007596031,2069.91848089353,-33742.2822787096,1,1,PASS_STRICT,1,0,baseline_E_asset_only,1,0,0,1,CURRENT_OBSERVATION,NaN,NaN,NaN,NaN,NaN,1,NaN,NaN,NaN,0,NaN,NaN,NaN,NaN,NaN,NaN,0,0,NaN,0,0.5,NaN,NaN,NaN,NaN,NONE,NOT_APPLICABLE_CURRENT_OBSERVATION,0,,0,0,NaN,0,0,0,NaN,NaN,0,NaN,NaN,0,1,MAIN_CONCLUSION_ELIGIBLE,103.495924044676,103.495924044676,0,0,0,0.89375,0,0,0,82.3659240446763,0,0,0,0,86.044,17.4519240446763,0
33,NORMAL,99.4747257814166,99.4747257814166,78.3447257814166,0,0,72.0771477189032,0,0,0,0,0,0,0,0,34327.4424655046,1989.49451562833,-32337.9479498763,1,1,PASS_STRICT,1,0,baseline_E_asset_only,1,0,0,1,CURRENT_OBSERVATION,NaN,NaN,NaN,NaN,NaN,1,NaN,NaN,NaN,0,NaN,NaN,NaN,NaN,NaN,NaN,0,0,NaN,0,0.5,NaN,NaN,NaN,NaN,NONE,NOT_APPLICABLE_CURRENT_OBSERVATION,0,,0,0,NaN,0,0,0,NaN,NaN,0,NaN,NaN,0,1,MAIN_CONCLUSION_ELIGIBLE,99.4747257814166,99.4747257814166,0,0,0,0.89375,0,0,0,78.3447257814166,0,0,0,0,94.276,5.19872578141655,0
34,NORMAL,111.328,111.328,90.198,0,0,82.98216,0,0,0,0,0,0,0,0,38704.0600944,2226.56,-36477.5000944,1,1,PASS_STRICT,1,0,baseline_E_asset_only,1,0,0,1,CURRENT_OBSERVATION,NaN,NaN,NaN,NaN,NaN,1,NaN,NaN,NaN,0,NaN,NaN,NaN,NaN,NaN,NaN,0,0,NaN,0,0.5,NaN,NaN,NaN,NaN,NONE,NOT_APPLICABLE_CURRENT_OBSERVATION,0,,0,0,NaN,0,0,0,NaN,NaN,0,NaN,NaN,0,1,MAIN_CONCLUSION_ELIGIBLE,111.328,111.328,0,0,0,0.89375,0,0,0,90.198,0,0,0,0,111.328,0,0
35,NORMAL,129.11085859082,129.11085859082,107.62085859082,0,0,99.0111899035544,0,0,0,0,0,0,0,0,45137.1509558925,2582.2171718164,-42554.9337840761,1,1,PASS_STRICT,1,0,baseline_E_asset_only,1,0,0,1,CURRENT_OBSERVATION,NaN,NaN,NaN,NaN,NaN,1,NaN,NaN,NaN,0,NaN,NaN,NaN,NaN,NaN,NaN,0,0,NaN,0,0.5,NaN,NaN,NaN,NaN,NONE,NOT_APPLICABLE_CURRENT_OBSERVATION,0,,0,0,NaN,0,0,0,NaN,NaN,0,NaN,NaN,0,1,MAIN_CONCLUSION_ELIGIBLE,129.11085859082,129.11085859082,0,0,0,0.89375,0,0,0,107.62085859082,0,0,0,0,128.968,0,0.142858590820011
36,NORMAL,139.385415331254,139.385415331254,117.895415331254,0,0,108.463782104754,0,0,0,0,0,0,0,0,48930.8543099218,2787.70830662508,-46143.1460032967,1,1,PASS_STRICT,1,0,baseline_E_asset_only,1,0,0,1,CURRENT_OBSERVATION,NaN,NaN,NaN,NaN,NaN,1,NaN,NaN,NaN,0,NaN,NaN,NaN,NaN,NaN,NaN,0,0,NaN,0,0.5,NaN,NaN,NaN,NaN,NONE,NOT_APPLICABLE_CURRENT_OBSERVATION,0,,0,0,NaN,0,0,0,NaN,NaN,0,NaN,NaN,0,1,MAIN_CONCLUSION_ELIGIBLE,139.385415331254,139.385415331254,0,0,0,0.89375,0,0,0,117.895415331254,0,0,0,0,136.024,0,3.36141533125378
37,NORMAL,139.082227758567,139.082227758567,117.592227758567,0,0,108.184849537881,0,0,0,0,0,0,0,0,48818.9075135332,2781.64455517133,-46037.2629583619,1,1,PASS_STRICT,1,0,baseline_E_asset_only,1,0,0,1,CURRENT_OBSERVATION,NaN,NaN,NaN,NaN,NaN,1,NaN,NaN,NaN,0,NaN,NaN,NaN,NaN,NaN,NaN,0,0,NaN,0,0.5,NaN,NaN,NaN,NaN,NONE,NOT_APPLICABLE_CURRENT_OBSERVATION,0,,0,0,NaN,0,0,0,NaN,NaN,0,NaN,NaN,0,1,MAIN_CONCLUSION_ELIGIBLE,139.082227758567,139.082227758567,0,0,0,0.89375,0,0,0,117.592227758567,0,0,0,0,134.26,0,4.82222775856656
38,NORMAL,137.803470774166,137.803470774166,116.313470774166,0,0,107.008393112233,0,0,0,0,0,0,0,0,48346.7484916637,2756.06941548333,-45590.6790761803,1,1,PASS_STRICT,1,0,baseline_E_asset_only,1,0,0,1,CURRENT_OBSERVATION,NaN,NaN,NaN,NaN,NaN,1,NaN,NaN,NaN,0,NaN,NaN,NaN,NaN,NaN,NaN,0,0,NaN,0,0.5,NaN,NaN,NaN,NaN,NONE,NOT_APPLICABLE_CURRENT_OBSERVATION,0,,0,0,NaN,0,0,0,NaN,NaN,0,NaN,NaN,0,1,MAIN_CONCLUSION_ELIGIBLE,137.803470774166,137.803470774166,0,0,0,0.89375,0,0,0,116.313470774166,0,0,0,0,131.32,0,6.48347077416645
39,NORMAL,123.966633421327,123.966633421327,102.476633421327,0,0,94.2785027476212,0,0,0,0,0,0,0,0,43237.7342927303,2479.33266842655,-40758.4016243037,1,1,PASS_STRICT,1,0,baseline_E_asset_only,1,0,0,1,CURRENT_OBSERVATION,NaN,NaN,NaN,NaN,NaN,1,NaN,NaN,NaN,0,NaN,NaN,NaN,NaN,NaN,NaN,0,0,NaN,0,0.5,NaN,NaN,NaN,NaN,NONE,NOT_APPLICABLE_CURRENT_OBSERVATION,0,,0,0,NaN,0,0,0,NaN,NaN,0,NaN,NaN,0,1,MAIN_CONCLUSION_ELIGIBLE,123.966633421327,123.966633421327,0,0,0,0.89375,0,0,0,102.476633421327,0,0,0,0,115.444,0,8.52263342132742
40,NORMAL,100.171470774166,100.171470774166,78.6814707741664,0,0,72.3869531122331,0,0,0,0,0,0,0,0,34451.7797620636,2003.42941548333,-32448.3503465803,1,1,PASS_STRICT,1,0,baseline_E_asset_only,1,0,0,1,CURRENT_OBSERVATION,NaN,NaN,NaN,NaN,NaN,1,NaN,NaN,NaN,0,NaN,NaN,NaN,NaN,NaN,NaN,0,0,NaN,0,0.5,NaN,NaN,NaN,NaN,NONE,NOT_APPLICABLE_CURRENT_OBSERVATION,0,,0,0,NaN,0,0,0,NaN,NaN,0,NaN,NaN,0,1,MAIN_CONCLUSION_ELIGIBLE,100.171470774166,100.171470774166,0,0,0,0.89375,0,0,0,78.6814707741664,0,0,0,0,93.688,0,6.48347077416645
41,NORMAL,79.9974153312537,79.9974153312537,58.5074153312538,0,0,53.8268221047535,0,0,0,0,0,0,0,0,27002.8567835218,1599.94830662508,-25402.9084768967,1,1,PASS_STRICT,1,0,baseline_E_asset_only,1,0,0,1,CURRENT_OBSERVATION,NaN,NaN,NaN,NaN,NaN,1,NaN,NaN,NaN,0,NaN,NaN,NaN,NaN,NaN,NaN,0,0,NaN,0,0.5,NaN,NaN,NaN,NaN,NONE,NOT_APPLICABLE_CURRENT_OBSERVATION,0,,0,0,NaN,0,0,0,NaN,NaN,0,NaN,NaN,0,1,MAIN_CONCLUSION_ELIGIBLE,79.9974153312537,79.9974153312537,0,0,0,0.89375,0,0,0,58.5074153312538,0,0,0,0,76.636,0,3.36141533125378
42,NORMAL,70.756,70.756,49.626,0,0,45.65592,0,0,0,0,0,0,0,0,23723.5469328,1415.12,-22308.4269328,1,1,PASS_STRICT,1,0,baseline_E_asset_only,1,0,0,1,CURRENT_OBSERVATION,NaN,NaN,NaN,NaN,NaN,1,NaN,NaN,NaN,0,NaN,NaN,NaN,NaN,NaN,NaN,0,0,NaN,0,0.5,NaN,NaN,NaN,NaN,NONE,NOT_APPLICABLE_CURRENT_OBSERVATION,0,,0,0,NaN,0,0,0,NaN,NaN,0,NaN,NaN,0,1,MAIN_CONCLUSION_ELIGIBLE,70.756,70.756,0,0,0,0.89375,0,0,0,49.626,0,0,0,0,70.756,0,0
43,NORMAL,81.34,81.34,60.21,0,0,55.3932,0,0,0,0,0,0,0,0,27631.506888,1626.8,-26004.706888,1,1,PASS_STRICT,1,0,baseline_E_asset_only,1,0,0,1,CURRENT_OBSERVATION,NaN,NaN,NaN,NaN,NaN,1,NaN,NaN,NaN,0,NaN,NaN,NaN,NaN,NaN,NaN,0,0,NaN,0,0.5,NaN,NaN,NaN,NaN,NONE,NOT_APPLICABLE_CURRENT_OBSERVATION,0,,0,0,NaN,0,0,0,NaN,NaN,0,NaN,NaN,0,1,MAIN_CONCLUSION_ELIGIBLE,81.34,81.34,0,0,0,0.89375,0,0,0,60.21,0,0,0,0,81.34,0,0
44,NORMAL,111.328,111.328,90.198,0,0,82.98216,0,0,0,0,0,0,0,0,38704.0600944,2226.56,-36477.5000944,1,1,PASS_STRICT,1,0,baseline_E_asset_only,1,0,0,1,CURRENT_OBSERVATION,NaN,NaN,NaN,NaN,NaN,1,NaN,NaN,NaN,0,NaN,NaN,NaN,NaN,NaN,NaN,0,0,NaN,0,0.5,NaN,NaN,NaN,NaN,NONE,NOT_APPLICABLE_CURRENT_OBSERVATION,0,,0,0,NaN,0,0,0,NaN,NaN,0,NaN,NaN,0,1,MAIN_CONCLUSION_ELIGIBLE,111.328,111.328,0,0,0,0.89375,0,0,0,90.198,0,0,0,0,111.328,0,0
45,NORMAL,186.9448,186.9448,165.8148,0,0,152.549616,0,0,0,0,0,0,0,0,66624.26288544,3738.896,-62885.36688544,1,1,PASS_STRICT,1,0,baseline_E_asset_only,1,0,0,1,CURRENT_OBSERVATION,NaN,NaN,NaN,NaN,NaN,1,NaN,NaN,NaN,0,NaN,NaN,NaN,NaN,NaN,NaN,0,0,NaN,0,0.5,NaN,NaN,NaN,NaN,NONE,NOT_APPLICABLE_CURRENT_OBSERVATION,0,,0,0,NaN,0,0,0,NaN,NaN,0,NaN,NaN,0,1,MAIN_CONCLUSION_ELIGIBLE,186.9448,186.9448,0,0,0,0.89375,0,0,0,165.8148,0,0,0,0,186.9448,0,0
46,NORMAL,364.5796,221.13,200,0,0,184,0,0,0,0,0,0,143.4496,0,79246.56,4422.6,-74823.96,1,1,PASS_STRICT,1,0,baseline_E_asset_only,1,0,0,1,CURRENT_OBSERVATION,NaN,NaN,NaN,NaN,NaN,1,NaN,NaN,NaN,0,NaN,NaN,NaN,NaN,NaN,NaN,0,0,NaN,0,0.5,NaN,NaN,NaN,NaN,NONE,NOT_APPLICABLE_CURRENT_OBSERVATION,0,,0,0,NaN,0,0,0,NaN,NaN,0,NaN,NaN,143.4496,1,MAIN_CONCLUSION_ELIGIBLE,364.5796,221.13,143.4496,0,0,0.89375,0,0,0,200,0,0,0,0,364.5796,0,0
47,NORMAL,576.31054904882,221.13,200,0,0,184,0,0,0,0,0,0,355.18054904882,0,79246.56,4422.6,-74823.96,1,1,PASS_STRICT,1,0,baseline_E_asset_only,1,0,0,1,CURRENT_OBSERVATION,NaN,NaN,NaN,NaN,NaN,1,NaN,NaN,NaN,0,NaN,NaN,NaN,NaN,NaN,NaN,0,0,NaN,0,0.5,NaN,NaN,NaN,NaN,NONE,NOT_APPLICABLE_CURRENT_OBSERVATION,0,,0,0,NaN,0,0,0,NaN,NaN,0,NaN,NaN,355.18054904882,1,MAIN_CONCLUSION_ELIGIBLE,576.31054904882,221.13,355.18054904882,0,0,0.89375,0,0,0,200,0,0,0,0,576.142,0.168549048820404,0
0,NORMAL,327.969049616543,87.8057894736842,0,7.105427357601e-15,0,0,1.25161658580254e-13,0,0,0,1.25161658580254e-13,0,240.163260142859,0,5400,1756.11578947369,-28928.3042105263,1,1,PASS_STRICT,1,0,baseline_H_asset_only,0,0,0,0,CURRENT_OBSERVATION,NaN,NaN,NaN,NaN,NaN,1,NaN,NaN,NaN,0,NaN,NaN,NaN,NaN,NaN,NaN,0,0,NaN,0,0.5,NaN,NaN,NaN,NaN,NONE,NOT_APPLICABLE_CURRENT_OBSERVATION,0,,0,0,NaN,0,0,0,NaN,NaN,0,NaN,NaN,240.163260142859,1,MAIN_CONCLUSION_ELIGIBLE,327.969049616543,87.8057894736842,240.163260142859,66.3157894736842,0,0.89375,7.105427357601e-15,1.25161658580254e-13,0,0,0,0,0,0,314.3056,13.0214041862257,0.642045430317657
1,NORMAL,314.917570879358,21.49,0,0,0,0,0,0,0,0,0,0,293.427570879358,0,5400,429.8,-4970.2,1,1,PASS_STRICT,1,0,baseline_H_asset_only,0,0,0,0,CURRENT_OBSERVATION,NaN,NaN,NaN,NaN,NaN,1,NaN,NaN,NaN,0,NaN,NaN,NaN,NaN,NaN,NaN,0,0,NaN,0,0.5,NaN,NaN,NaN,NaN,NONE,NOT_APPLICABLE_CURRENT_OBSERVATION,0,,0,0,NaN,0,0,0,NaN,NaN,0,NaN,NaN,293.427570879358,1,MAIN_CONCLUSION_ELIGIBLE,314.917570879358,21.49,293.427570879358,0,0,0.89375,0,1.25161658580254e-13,0,0,0,0,0,0,286.3756,27.2092983259927,1.33267255336529
2,NORMAL,291.840438733695,21.49,0,0,0,0,0,0,0,0,0,0,270.350438733695,0,5400,429.8,-4970.2,1,1,PASS_STRICT,1,0,baseline_H_asset_only,0,0,0,0,CURRENT_OBSERVATION,NaN,NaN,NaN,NaN,NaN,1,NaN,NaN,NaN,0,NaN,NaN,NaN,NaN,NaN,NaN,0,0,NaN,0,0.5,NaN,NaN,NaN,NaN,NONE,NOT_APPLICABLE_CURRENT_OBSERVATION,0,,0,0,NaN,0,0,0,NaN,NaN,0,NaN,NaN,270.350438733695,1,MAIN_CONCLUSION_ELIGIBLE,291.840438733695,21.49,270.350438733695,0,0,0.89375,0,1.25161658580254e-13,0,0,0,0,0,0,249.508,40.1699680641617,2.16247066953362
3,NORMAL,232.456082987042,21.49,0,0,0,0,0,0,0,0,0,0,210.966082987042,0,5400,429.8,-4970.2,1,1,PASS_STRICT,1,0,baseline_H_asset_only,0,0,0,0,CURRENT_OBSERVATION,NaN,NaN,NaN,NaN,NaN,1,NaN,NaN,NaN,0,NaN,NaN,NaN,NaN,NaN,NaN,0,0,NaN,0,0.5,NaN,NaN,NaN,NaN,NONE,NOT_APPLICABLE_CURRENT_OBSERVATION,0,,0,0,NaN,0,0,0,NaN,NaN,0,NaN,NaN,210.966082987042,1,MAIN_CONCLUSION_ELIGIBLE,232.456082987042,21.49,210.966082987042,0,0,0.89375,0,1.25161658580254e-13,0,0,0,0,0,0,176.89,52.2046676557883,3.36141533125378
4,NORMAL,189.034659350842,21.49,0,0,0,0,0,0,0,0,0,0,167.544659350842,0,5400,429.8,-4970.2,1,1,PASS_STRICT,1,0,baseline_H_asset_only,0,0,0,0,CURRENT_OBSERVATION,NaN,NaN,NaN,NaN,NaN,1,NaN,NaN,NaN,0,NaN,NaN,NaN,NaN,NaN,NaN,0,0,NaN,0,0.5,NaN,NaN,NaN,NaN,NONE,NOT_APPLICABLE_CURRENT_OBSERVATION,0,,0,0,NaN,0,0,0,NaN,NaN,0,NaN,NaN,167.544659350842,1,MAIN_CONCLUSION_ELIGIBLE,189.034659350842,21.49,167.544659350842,0,0,0.89375,0,1.25161658580254e-13,0,0,0,0,0,0,123.088,61.1244315922755,4.82222775856656
5,NORMAL,158.383746939714,21.49,0,0,0,0,0,0,0,0,0,0,136.893746939714,0,5400,429.8,-4970.2,1,1,PASS_STRICT,1,0,baseline_H_asset_only,0,0,0,0,CURRENT_OBSERVATION,NaN,NaN,NaN,NaN,NaN,1,NaN,NaN,NaN,0,NaN,NaN,NaN,NaN,NaN,NaN,0,0,NaN,0,0.5,NaN,NaN,NaN,NaN,NONE,NOT_APPLICABLE_CURRENT_OBSERVATION,0,,0,0,NaN,0,0,0,NaN,NaN,0,NaN,NaN,136.893746939714,1,MAIN_CONCLUSION_ELIGIBLE,158.383746939714,21.49,136.893746939714,0,0,0.89375,0,1.25161658580254e-13,0,0,0,0,0,0,94.864,57.0362761655473,6.48347077416645
6,NORMAL,149.704634262795,21.49,0,0,0,0,0,0,0,0,0,0,128.214634262795,0,5400,429.8,-4970.2,1,1,PASS_STRICT,1,0,baseline_H_asset_only,0,0,0,0,CURRENT_OBSERVATION,NaN,NaN,NaN,NaN,NaN,1,NaN,NaN,NaN,0,NaN,NaN,NaN,NaN,NaN,NaN,0,0,NaN,0,0.5,NaN,NaN,NaN,NaN,NONE,NOT_APPLICABLE_CURRENT_OBSERVATION,0,,0,0,NaN,0,0,0,NaN,NaN,0,NaN,NaN,128.214634262795,1,MAIN_CONCLUSION_ELIGIBLE,149.704634262795,21.49,128.214634262795,0,0,0.89375,0,1.25161658580254e-13,0,0,0,0,0,0,87.808,45.4923059270679,16.4043283357266
7,NORMAL,158.133331487122,21.49,0,0,0,0,0,0,0,0,0,0,136.643331487122,0,5400,429.8,-4970.2,1,1,PASS_STRICT,1,0,baseline_H_asset_only,0,0,0,0,CURRENT_OBSERVATION,NaN,NaN,NaN,NaN,NaN,1,NaN,NaN,NaN,0,NaN,NaN,NaN,NaN,NaN,NaN,0,0,NaN,0,0.5,NaN,NaN,NaN,NaN,NONE,NOT_APPLICABLE_CURRENT_OBSERVATION,0,,0,0,NaN,0,0,0,NaN,NaN,0,NaN,NaN,136.643331487122,1,MAIN_CONCLUSION_ELIGIBLE,158.133331487122,21.49,136.643331487122,0,0,0.89375,0,1.25161658580254e-13,0,0,0,0,0,0,104.86,33.6866159852672,19.5867155018544
8,NORMAL,179.434951368027,21.49,0,0,0,0,0,0,0,0,0,0,157.944951368027,0,5400,429.8,-4970.2,1,1,PASS_STRICT,1,0,baseline_H_asset_only,0,0,0,0,CURRENT_OBSERVATION,NaN,NaN,NaN,NaN,NaN,1,NaN,NaN,NaN,0,NaN,NaN,NaN,NaN,NaN,NaN,0,0,NaN,0,0.5,NaN,NaN,NaN,NaN,NONE,NOT_APPLICABLE_CURRENT_OBSERVATION,0,,0,0,NaN,0,0,0,NaN,NaN,0,NaN,NaN,157.944951368027,1,MAIN_CONCLUSION_ELIGIBLE,179.434951368027,21.49,157.944951368027,0,0,0.89375,0,1.25161658580254e-13,0,0,0,0,0,0,138.376,18.3243180237534,22.7346333442739
9,NORMAL,204.820843804893,21.49,0,0,0,0,0,0,0,0,0,0,183.330843804893,0,5400,429.8,-4970.2,1,1,PASS_STRICT,1,0,baseline_H_asset_only,0,0,0,0,CURRENT_OBSERVATION,NaN,NaN,NaN,NaN,NaN,1,NaN,NaN,NaN,0,NaN,NaN,NaN,NaN,NaN,NaN,0,0,NaN,0,0.5,NaN,NaN,NaN,NaN,NONE,NOT_APPLICABLE_CURRENT_OBSERVATION,0,,0,0,NaN,0,0,0,NaN,NaN,0,NaN,NaN,183.330843804893,1,MAIN_CONCLUSION_ELIGIBLE,204.820843804893,21.49,183.330843804893,0,0,0.89375,0,1.25161658580254e-13,0,0,0,0,0,0,174.6556,4.18158389889633,25.9836599059962
10,NORMAL,233.9947898688,21.49,0,0,0,0,0,0,0,0,0,0,212.5047898688,0,5400,429.8,-4970.2,1,1,PASS_STRICT,1,0,baseline_H_asset_only,0,0,0,0,CURRENT_OBSERVATION,NaN,NaN,NaN,NaN,NaN,1,NaN,NaN,NaN,0,NaN,NaN,NaN,NaN,NaN,NaN,0,0,NaN,0,0.5,NaN,NaN,NaN,NaN,NONE,NOT_APPLICABLE_CURRENT_OBSERVATION,0,,0,0,NaN,0,0,0,NaN,NaN,0,NaN,NaN,212.5047898688,1,MAIN_CONCLUSION_ELIGIBLE,233.9947898688,21.49,212.5047898688,0,0,0.89375,0,1.25161658580254e-13,0,0,0,0,0,0,204.82,0,29.1747898688002
11,NORMAL,254.1043898688,21.49,0,0,0,0,0,0,0,0,0,0,232.6143898688,0,5400,429.8,-4970.2,1,1,PASS_STRICT,1,0,baseline_H_asset_only,0,0,0,0,CURRENT_OBSERVATION,NaN,NaN,NaN,NaN,NaN,1,NaN,NaN,NaN,0,NaN,NaN,NaN,NaN,NaN,NaN,0,0,NaN,0,0.5,NaN,NaN,NaN,NaN,NONE,NOT_APPLICABLE_CURRENT_OBSERVATION,0,,0,0,NaN,0,0,0,NaN,NaN,0,NaN,NaN,232.6143898688,1,MAIN_CONCLUSION_ELIGIBLE,254.1043898688,21.49,232.6143898688,0,0,0.89375,0,1.25161658580254e-13,0,0,0,0,0,0,224.9296,0,29.1747898688002
12,NORMAL,221.578,21.13,0,0,0,0,0,0,0,0,0,0,200.448,0,5400,422.6,-4977.4,1,1,PASS_STRICT,1,0,baseline_H_asset_only,0,0,0,0,CURRENT_OBSERVATION,NaN,NaN,NaN,NaN,NaN,1,NaN,NaN,NaN,0,NaN,NaN,NaN,NaN,NaN,NaN,0,0,NaN,0,0.5,NaN,NaN,NaN,NaN,NONE,NOT_APPLICABLE_CURRENT_OBSERVATION,0,,0,0,NaN,0,0,0,NaN,NaN,0,NaN,NaN,200.448,1,MAIN_CONCLUSION_ELIGIBLE,221.578,21.13,200.448,0,0,0.89375,0,1.25161658580254e-13,0,0,0,0,0,0,221.578,0,0
13,NORMAL,196.9996,21.13,0,0,0,0,0,0,0,0,0,0,175.8696,0,5400,422.6,-4977.4,1,1,PASS_STRICT,1,0,baseline_H_asset_only,0,0,0,0,CURRENT_OBSERVATION,NaN,NaN,NaN,NaN,NaN,1,NaN,NaN,NaN,0,NaN,NaN,NaN,NaN,NaN,NaN,0,0,NaN,0,0.5,NaN,NaN,NaN,NaN,NONE,NOT_APPLICABLE_CURRENT_OBSERVATION,0,,0,0,NaN,0,0,0,NaN,NaN,0,NaN,NaN,175.8696,1,MAIN_CONCLUSION_ELIGIBLE,196.9996,21.13,175.8696,0,0,0.89375,0,1.25161658580254e-13,0,0,0,0,0,0,196.9996,0,0
14,NORMAL,159.0148,21.13,0,0,0,0,0,0,0,0,0,0,137.8848,0,5400,422.6,-4977.4,1,1,PASS_STRICT,1,0,baseline_H_asset_only,0,0,0,0,CURRENT_OBSERVATION,NaN,NaN,NaN,NaN,NaN,1,NaN,NaN,NaN,0,NaN,NaN,NaN,NaN,NaN,NaN,0,0,NaN,0,0.5,NaN,NaN,NaN,NaN,NONE,NOT_APPLICABLE_CURRENT_OBSERVATION,0,,0,0,NaN,0,0,0,NaN,NaN,0,NaN,NaN,137.8848,1,MAIN_CONCLUSION_ELIGIBLE,159.0148,21.13,137.8848,0,0,0.89375,0,1.25161658580254e-13,0,0,0,0,0,0,159.0148,0,0
15,NORMAL,135.436,21.13,0,0,0,0,0,0,0,0,0,0,114.306,0,5400,422.6,-4977.4,1,1,PASS_STRICT,1,0,baseline_H_asset_only,0,0,0,0,CURRENT_OBSERVATION,NaN,NaN,NaN,NaN,NaN,1,NaN,NaN,NaN,0,NaN,NaN,NaN,NaN,NaN,NaN,0,0,NaN,0,0.5,NaN,NaN,NaN,NaN,NONE,NOT_APPLICABLE_CURRENT_OBSERVATION,0,,0,0,NaN,0,0,0,NaN,NaN,0,NaN,NaN,114.306,1,MAIN_CONCLUSION_ELIGIBLE,135.436,21.13,114.306,0,0,0.89375,0,1.25161658580254e-13,0,0,0,0,0,0,135.436,0,0
16,NORMAL,124.074470669534,21.49,0,0,0,0,0,0,0,0,0,0,102.584470669534,0,5400,429.8,-4970.2,1,1,PASS_STRICT,1,0,baseline_H_asset_only,0,0,0,0,CURRENT_OBSERVATION,NaN,NaN,NaN,NaN,NaN,1,NaN,NaN,NaN,0,NaN,NaN,NaN,NaN,NaN,NaN,0,0,NaN,0,0.5,NaN,NaN,NaN,NaN,NONE,NOT_APPLICABLE_CURRENT_OBSERVATION,0,,0,0,NaN,0,0,0,NaN,NaN,0,NaN,NaN,102.584470669534,1,MAIN_CONCLUSION_ELIGIBLE,124.074470669534,21.49,102.584470669534,0,0,0.89375,0,1.25161658580254e-13,0,0,0,0,0,0,121.912,0,2.16247066953362
17,NORMAL,115.865415331254,21.49,0,7.105427357601e-15,0,0,1.25161658580254e-13,0,0,0,1.25161658580254e-13,0,94.3754153312538,0,5400,429.800000000001,-4970.2,1,1,PASS_STRICT,1,0,baseline_H_asset_only,0,0,0,0,CURRENT_OBSERVATION,NaN,NaN,NaN,NaN,NaN,1,NaN,NaN,NaN,0,NaN,NaN,NaN,NaN,NaN,NaN,0,0,NaN,0,0.5,NaN,NaN,NaN,NaN,NONE,NOT_APPLICABLE_CURRENT_OBSERVATION,0,,0,0,NaN,0,0,0,NaN,NaN,0,NaN,NaN,94.3754153312538,1,MAIN_CONCLUSION_ELIGIBLE,115.865415331254,21.49,94.3754153312538,0,0,0.89375,7.105427357601e-15,2.50323317160507e-13,0,0,0,0,0,0,112.504,0,3.36141533125378
18,NORMAL,111.446227758567,21.49,0,0,0,0,0,0,0,0,0,0,89.9562277585666,0,5400,429.8,-4970.2,1,1,PASS_STRICT,1,0,baseline_H_asset_only,0,0,0,0,CURRENT_OBSERVATION,NaN,NaN,NaN,NaN,NaN,1,NaN,NaN,NaN,0,NaN,NaN,NaN,NaN,NaN,NaN,0,0,NaN,0,0.5,NaN,NaN,NaN,NaN,NONE,NOT_APPLICABLE_CURRENT_OBSERVATION,0,,0,0,NaN,0,0,0,NaN,NaN,0,NaN,NaN,89.9562277585666,1,MAIN_CONCLUSION_ELIGIBLE,111.446227758567,21.49,89.9562277585666,0,0,0.89375,0,2.50323317160507e-13,0,0,0,0,0,0,106.624,0,4.82222775856656
19,NORMAL,110.167470774166,21.49,0,0,0,0,0,0,0,0,0,0,88.6774707741665,0,5400,429.8,-4970.2,1,1,PASS_STRICT,1,0,baseline_H_asset_only,0,0,0,0,CURRENT_OBSERVATION,NaN,NaN,NaN,NaN,NaN,1,NaN,NaN,NaN,0,NaN,NaN,NaN,NaN,NaN,NaN,0,0,NaN,0,0.5,NaN,NaN,NaN,NaN,NONE,NOT_APPLICABLE_CURRENT_OBSERVATION,0,,0,0,NaN,0,0,0,NaN,NaN,0,NaN,NaN,88.6774707741665,1,MAIN_CONCLUSION_ELIGIBLE,110.167470774166,21.49,88.6774707741665,0,0,0.89375,0,2.50323317160507e-13,0,0,0,0,0,0,103.684,0,6.48347077416645
20,NORMAL,109.854633421327,21.49,0,0,0,0,0,0,0,0,0,0,88.3646334213275,0,5400,429.8,-4970.2,1,1,PASS_STRICT,1,0,baseline_H_asset_only,0,0,0,0,CURRENT_OBSERVATION,NaN,NaN,NaN,NaN,NaN,1,NaN,NaN,NaN,0,NaN,NaN,NaN,NaN,NaN,NaN,0,0,NaN,0,0.5,NaN,NaN,NaN,NaN,NONE,NOT_APPLICABLE_CURRENT_OBSERVATION,0,,0,0,NaN,0,0,0,NaN,NaN,0,NaN,NaN,88.3646334213275,1,MAIN_CONCLUSION_ELIGIBLE,109.854633421327,21.49,88.3646334213275,0,0,0.89375,0,2.50323317160507e-13,0,0,0,0,0,0,101.332,0,8.52263342132742
21,NORMAL,120.438633421327,21.49,0,0,0,0,0,0,0,0,0,0,98.9486334213274,0,5400,429.8,-4970.2,1,1,PASS_STRICT,1,0,baseline_H_asset_only,0,0,0,0,CURRENT_OBSERVATION,NaN,NaN,NaN,NaN,NaN,1,NaN,NaN,NaN,0,NaN,NaN,NaN,NaN,NaN,NaN,0,0,NaN,0,0.5,NaN,NaN,NaN,NaN,NONE,NOT_APPLICABLE_CURRENT_OBSERVATION,0,,0,0,NaN,0,0,0,NaN,NaN,0,NaN,NaN,98.9486334213274,1,MAIN_CONCLUSION_ELIGIBLE,120.438633421327,21.49,98.9486334213274,0,0,0.89375,0,2.50323317160507e-13,0,0,0,0,0,0,111.916,0,8.52263342132742
22,NORMAL,135.451470774166,21.49,0,0,0,0,0,0,0,0,0,0,113.961470774166,0,5400,429.8,-4970.2,1,1,PASS_STRICT,1,0,baseline_H_asset_only,0,0,0,0,CURRENT_OBSERVATION,NaN,NaN,NaN,NaN,NaN,1,NaN,NaN,NaN,0,NaN,NaN,NaN,NaN,NaN,NaN,0,0,NaN,0,0.5,NaN,NaN,NaN,NaN,NONE,NOT_APPLICABLE_CURRENT_OBSERVATION,0,,0,0,NaN,0,0,0,NaN,NaN,0,NaN,NaN,113.961470774166,1,MAIN_CONCLUSION_ELIGIBLE,135.451470774166,21.49,113.961470774166,0,0,0.89375,0,2.50323317160507e-13,0,0,0,0,0,0,128.968,0,6.48347077416645
23,NORMAL,149.660359508325,21.49,0,0,0,0,0,0,0,0,0,0,128.170359508325,0,5400,429.8,-4970.2,1,1,PASS_STRICT,1,0,baseline_H_asset_only,0,0,0,0,CURRENT_OBSERVATION,NaN,NaN,NaN,NaN,NaN,1,NaN,NaN,NaN,0,NaN,NaN,NaN,NaN,NaN,NaN,0,0,NaN,0,0.5,NaN,NaN,NaN,NaN,NONE,NOT_APPLICABLE_CURRENT_OBSERVATION,0,,0,0,NaN,0,0,0,NaN,NaN,0,NaN,NaN,128.170359508325,1,MAIN_CONCLUSION_ELIGIBLE,149.660359508325,21.49,128.170359508325,0,0,0.89375,0,2.50323317160507e-13,0,0,0,0,0,0,143.668,1.1701317497587,4.82222775856656
24,NORMAL,176.716251931771,21.13,0,0,0,0,0,0,0,0,0,0,155.586251931771,0,5400,422.6,-4977.4,1,1,PASS_STRICT,1,0,baseline_H_asset_only,0,0,0,0,CURRENT_OBSERVATION,NaN,NaN,NaN,NaN,NaN,1,NaN,NaN,NaN,0,NaN,NaN,NaN,NaN,NaN,NaN,0,0,NaN,0,0.5,NaN,NaN,NaN,NaN,NONE,NOT_APPLICABLE_CURRENT_OBSERVATION,0,,0,0,NaN,0,0,0,NaN,NaN,0,NaN,NaN,155.586251931771,1,MAIN_CONCLUSION_ELIGIBLE,176.716251931771,21.13,155.586251931771,0,0,0.89375,0,2.50323317160507e-13,0,0,0,0,0,0,161.2492,15.4670519317706,0
25,NORMAL,211.253226442193,21.13,0,0,0,0,0,0,0,0,0,0,190.123226442193,0,5400,422.6,-4977.4,1,1,PASS_STRICT,1,0,baseline_H_asset_only,0,0,0,0,CURRENT_OBSERVATION,NaN,NaN,NaN,NaN,NaN,1,NaN,NaN,NaN,0,NaN,NaN,NaN,NaN,NaN,NaN,0,0,NaN,0,0.5,NaN,NaN,NaN,NaN,NONE,NOT_APPLICABLE_CURRENT_OBSERVATION,0,,0,0,NaN,0,0,0,NaN,NaN,0,NaN,NaN,190.123226442193,1,MAIN_CONCLUSION_ELIGIBLE,211.253226442193,21.13,190.123226442193,0,0,0.89375,0,2.50323317160507e-13,0,0,0,0,0,0,175.7728,35.4804264421927,0
26,NORMAL,234.917611746144,21.13,0,0,0,0,0,0,0,0,0,0,213.787611746144,0,5400,422.6,-4977.4,1,1,PASS_STRICT,1,0,baseline_H_asset_only,0,0,0,0,CURRENT_OBSERVATION,NaN,NaN,NaN,NaN,NaN,1,NaN,NaN,NaN,0,NaN,NaN,NaN,NaN,NaN,NaN,0,0,NaN,0,0.5,NaN,NaN,NaN,NaN,NONE,NOT_APPLICABLE_CURRENT_OBSERVATION,0,,0,0,NaN,0,0,0,NaN,NaN,0,NaN,NaN,213.787611746144,1,MAIN_CONCLUSION_ELIGIBLE,234.917611746144,21.13,213.787611746144,0,0,0.89375,0,2.50323317160507e-13,0,0,0,0,0,0,182.476,52.4416117461439,0
27,NORMAL,235.344559933185,21.13,0,0,0,0,0,0,0,0,0,0,214.214559933185,0,5400,422.6,-4977.4,1,1,PASS_STRICT,1,0,baseline_H_asset_only,0,0,0,0,CURRENT_OBSERVATION,NaN,NaN,NaN,NaN,NaN,1,NaN,NaN,NaN,0,NaN,NaN,NaN,NaN,NaN,NaN,0,0,NaN,0,0.5,NaN,NaN,NaN,NaN,NONE,NOT_APPLICABLE_CURRENT_OBSERVATION,0,,0,0,NaN,0,0,0,NaN,NaN,0,NaN,NaN,214.214559933185,1,MAIN_CONCLUSION_ELIGIBLE,235.344559933185,21.13,214.214559933185,0,0,0.89375,0,2.50323317160507e-13,0,0,0,0,0,0,176.89,58.4545599331846,0
28,NORMAL,209.956409748643,21.13,0,0,0,0,0,0,0,0,0,0,188.826409748643,0,5400,422.6,-4977.4,1,1,PASS_STRICT,1,0,baseline_H_asset_only,0,0,0,0,CURRENT_OBSERVATION,NaN,NaN,NaN,NaN,NaN,1,NaN,NaN,NaN,0,NaN,NaN,NaN,NaN,NaN,NaN,0,0,NaN,0,0.5,NaN,NaN,NaN,NaN,NONE,NOT_APPLICABLE_CURRENT_OBSERVATION,0,,0,0,NaN,0,0,0,NaN,NaN,0,NaN,NaN,188.826409748643,1,MAIN_CONCLUSION_ELIGIBLE,209.956409748643,21.13,188.826409748643,0,0,0.89375,0,2.50323317160507e-13,0,0,0,0,0,0,148.96,60.996409748643,0
29,NORMAL,173.53876448071,21.13,0,0,0,0,0,0,0,0,0,0,152.40876448071,0,5400,422.6,-4977.4,1,1,PASS_STRICT,1,0,baseline_H_asset_only,0,0,0,0,CURRENT_OBSERVATION,NaN,NaN,NaN,NaN,NaN,1,NaN,NaN,NaN,0,NaN,NaN,NaN,NaN,NaN,NaN,0,0,NaN,0,0.5,NaN,NaN,NaN,NaN,NONE,NOT_APPLICABLE_CURRENT_OBSERVATION,0,,0,0,NaN,0,0,0,NaN,NaN,0,NaN,NaN,152.40876448071,1,MAIN_CONCLUSION_ELIGIBLE,173.53876448071,21.13,152.40876448071,0,0,0.89375,0,2.50323317160507e-13,0,0,0,0,0,0,124.852,48.6867644807095,0
30,NORMAL,149.387038948077,21.13,0,0,0,0,0,0,0,0,0,0,128.257038948077,0,5400,422.6,-4977.4,1,1,PASS_STRICT,1,0,baseline_H_asset_only,0,0,0,0,CURRENT_OBSERVATION,NaN,NaN,NaN,NaN,NaN,1,NaN,NaN,NaN,0,NaN,NaN,NaN,NaN,NaN,NaN,0,0,NaN,0,0.5,NaN,NaN,NaN,NaN,NONE,NOT_APPLICABLE_CURRENT_OBSERVATION,0,,0,0,NaN,0,0,0,NaN,NaN,0,NaN,NaN,128.257038948077,1,MAIN_CONCLUSION_ELIGIBLE,149.387038948077,21.13,128.257038948077,0,0,0.89375,0,2.50323317160507e-13,0,0,0,0,0,0,103.684,45.703038948077,0
31,NORMAL,119.828151936921,21.13,0,0,0,0,0,0,0,0,0,0,98.6981519369206,0,5400,422.6,-4977.4,1,1,PASS_STRICT,1,0,baseline_H_asset_only,0,0,0,0,CURRENT_OBSERVATION,NaN,NaN,NaN,NaN,NaN,1,NaN,NaN,NaN,0,NaN,NaN,NaN,NaN,NaN,NaN,0,0,NaN,0,0.5,NaN,NaN,NaN,NaN,NONE,NOT_APPLICABLE_CURRENT_OBSERVATION,0,,0,0,NaN,0,0,0,NaN,NaN,0,NaN,NaN,98.6981519369206,1,MAIN_CONCLUSION_ELIGIBLE,119.828151936921,21.13,98.6981519369206,0,0,0.89375,0,2.50323317160507e-13,0,0,0,0,0,0,90.748,29.0801519369206,0
32,NORMAL,103.495924044676,21.13,0,0,0,0,0,0,0,0,0,0,82.3659240446763,0,5400,422.6,-4977.4,1,1,PASS_STRICT,1,0,baseline_H_asset_only,0,0,0,0,CURRENT_OBSERVATION,NaN,NaN,NaN,NaN,NaN,1,NaN,NaN,NaN,0,NaN,NaN,NaN,NaN,NaN,NaN,0,0,NaN,0,0.5,NaN,NaN,NaN,NaN,NONE,NOT_APPLICABLE_CURRENT_OBSERVATION,0,,0,0,NaN,0,0,0,NaN,NaN,0,NaN,NaN,82.3659240446763,1,MAIN_CONCLUSION_ELIGIBLE,103.495924044676,21.13,82.3659240446763,0,0,0.89375,0,2.50323317160507e-13,0,0,0,0,0,0,86.044,17.4519240446763,0
33,NORMAL,99.4747257814166,21.13,0,0,0,0,0,0,0,0,0,0,78.3447257814166,0,5400,422.6,-4977.4,1,1,PASS_STRICT,1,0,baseline_H_asset_only,0,0,0,0,CURRENT_OBSERVATION,NaN,NaN,NaN,NaN,NaN,1,NaN,NaN,NaN,0,NaN,NaN,NaN,NaN,NaN,NaN,0,0,NaN,0,0.5,NaN,NaN,NaN,NaN,NONE,NOT_APPLICABLE_CURRENT_OBSERVATION,0,,0,0,NaN,0,0,0,NaN,NaN,0,NaN,NaN,78.3447257814166,1,MAIN_CONCLUSION_ELIGIBLE,99.4747257814166,21.13,78.3447257814166,0,0,0.89375,0,2.50323317160507e-13,0,0,0,0,0,0,94.276,5.19872578141655,0
34,NORMAL,111.328,21.13,0,0,0,0,0,0,0,0,0,0,90.198,0,5400,422.6,-4977.4,1,1,PASS_STRICT,1,0,baseline_H_asset_only,0,0,0,0,CURRENT_OBSERVATION,NaN,NaN,NaN,NaN,NaN,1,NaN,NaN,NaN,0,NaN,NaN,NaN,NaN,NaN,NaN,0,0,NaN,0,0.5,NaN,NaN,NaN,NaN,NONE,NOT_APPLICABLE_CURRENT_OBSERVATION,0,,0,0,NaN,0,0,0,NaN,NaN,0,NaN,NaN,90.198,1,MAIN_CONCLUSION_ELIGIBLE,111.328,21.13,90.198,0,0,0.89375,0,2.50323317160507e-13,0,0,0,0,0,0,111.328,0,0
35,NORMAL,129.11085859082,21.49,0,0,0,0,0,0,0,0,0,0,107.62085859082,0,5400,429.8,-4970.2,1,1,PASS_STRICT,1,0,baseline_H_asset_only,0,0,0,0,CURRENT_OBSERVATION,NaN,NaN,NaN,NaN,NaN,1,NaN,NaN,NaN,0,NaN,NaN,NaN,NaN,NaN,NaN,0,0,NaN,0,0.5,NaN,NaN,NaN,NaN,NONE,NOT_APPLICABLE_CURRENT_OBSERVATION,0,,0,0,NaN,0,0,0,NaN,NaN,0,NaN,NaN,107.62085859082,1,MAIN_CONCLUSION_ELIGIBLE,129.11085859082,21.49,107.62085859082,0,0,0.89375,0,2.50323317160507e-13,0,0,0,0,0,0,128.968,0,0.142858590820011
36,NORMAL,139.385415331254,21.49,0,0,0,0,0,0,0,0,0,0,117.895415331254,0,5400,429.8,-4970.2,1,1,PASS_STRICT,1,0,baseline_H_asset_only,0,0,0,0,CURRENT_OBSERVATION,NaN,NaN,NaN,NaN,NaN,1,NaN,NaN,NaN,0,NaN,NaN,NaN,NaN,NaN,NaN,0,0,NaN,0,0.5,NaN,NaN,NaN,NaN,NONE,NOT_APPLICABLE_CURRENT_OBSERVATION,0,,0,0,NaN,0,0,0,NaN,NaN,0,NaN,NaN,117.895415331254,1,MAIN_CONCLUSION_ELIGIBLE,139.385415331254,21.49,117.895415331254,0,0,0.89375,0,2.50323317160507e-13,0,0,0,0,0,0,136.024,0,3.36141533125378
37,NORMAL,139.082227758567,21.49,0,0,0,0,0,0,0,0,0,0,117.592227758567,0,5400,429.8,-4970.2,1,1,PASS_STRICT,1,0,baseline_H_asset_only,0,0,0,0,CURRENT_OBSERVATION,NaN,NaN,NaN,NaN,NaN,1,NaN,NaN,NaN,0,NaN,NaN,NaN,NaN,NaN,NaN,0,0,NaN,0,0.5,NaN,NaN,NaN,NaN,NONE,NOT_APPLICABLE_CURRENT_OBSERVATION,0,,0,0,NaN,0,0,0,NaN,NaN,0,NaN,NaN,117.592227758567,1,MAIN_CONCLUSION_ELIGIBLE,139.082227758567,21.49,117.592227758567,0,0,0.89375,0,2.50323317160507e-13,0,0,0,0,0,0,134.26,0,4.82222775856656
38,NORMAL,137.803470774166,21.49,0,0,0,0,0,0,0,0,0,0,116.313470774166,0,5400,429.8,-4970.2,1,1,PASS_STRICT,1,0,baseline_H_asset_only,0,0,0,0,CURRENT_OBSERVATION,NaN,NaN,NaN,NaN,NaN,1,NaN,NaN,NaN,0,NaN,NaN,NaN,NaN,NaN,NaN,0,0,NaN,0,0.5,NaN,NaN,NaN,NaN,NONE,NOT_APPLICABLE_CURRENT_OBSERVATION,0,,0,0,NaN,0,0,0,NaN,NaN,0,NaN,NaN,116.313470774166,1,MAIN_CONCLUSION_ELIGIBLE,137.803470774166,21.49,116.313470774166,0,0,0.89375,0,2.50323317160507e-13,0,0,0,0,0,0,131.32,0,6.48347077416645
39,NORMAL,123.966633421327,21.49,0,0,0,0,0,0,0,0,0,0,102.476633421327,0,5400,429.8,-4970.2,1,1,PASS_STRICT,1,0,baseline_H_asset_only,0,0,0,0,CURRENT_OBSERVATION,NaN,NaN,NaN,NaN,NaN,1,NaN,NaN,NaN,0,NaN,NaN,NaN,NaN,NaN,NaN,0,0,NaN,0,0.5,NaN,NaN,NaN,NaN,NONE,NOT_APPLICABLE_CURRENT_OBSERVATION,0,,0,0,NaN,0,0,0,NaN,NaN,0,NaN,NaN,102.476633421327,1,MAIN_CONCLUSION_ELIGIBLE,123.966633421327,21.49,102.476633421327,0,0,0.89375,0,2.50323317160507e-13,0,0,0,0,0,0,115.444,0,8.52263342132742
40,NORMAL,100.171470774166,21.49,0,0,0,0,0,0,0,0,0,0,78.6814707741664,0,5400,429.8,-4970.2,1,1,PASS_STRICT,1,0,baseline_H_asset_only,0,0,0,0,CURRENT_OBSERVATION,NaN,NaN,NaN,NaN,NaN,1,NaN,NaN,NaN,0,NaN,NaN,NaN,NaN,NaN,NaN,0,0,NaN,0,0.5,NaN,NaN,NaN,NaN,NONE,NOT_APPLICABLE_CURRENT_OBSERVATION,0,,0,0,NaN,0,0,0,NaN,NaN,0,NaN,NaN,78.6814707741664,1,MAIN_CONCLUSION_ELIGIBLE,100.171470774166,21.49,78.6814707741664,0,0,0.89375,0,2.50323317160507e-13,0,0,0,0,0,0,93.688,0,6.48347077416645
41,NORMAL,79.9974153312537,21.49,0,0,0,0,0,0,0,0,0,0,58.5074153312538,0,5400,429.8,-4970.2,1,1,PASS_STRICT,1,0,baseline_H_asset_only,0,0,0,0,CURRENT_OBSERVATION,NaN,NaN,NaN,NaN,NaN,1,NaN,NaN,NaN,0,NaN,NaN,NaN,NaN,NaN,NaN,0,0,NaN,0,0.5,NaN,NaN,NaN,NaN,NONE,NOT_APPLICABLE_CURRENT_OBSERVATION,0,,0,0,NaN,0,0,0,NaN,NaN,0,NaN,NaN,58.5074153312538,1,MAIN_CONCLUSION_ELIGIBLE,79.9974153312537,21.49,58.5074153312538,0,0,0.89375,0,2.50323317160507e-13,0,0,0,0,0,0,76.636,0,3.36141533125378
42,NORMAL,70.756,21.13,0,0,0,0,0,0,0,0,0,0,49.626,0,5400,422.6,-4977.4,1,1,PASS_STRICT,1,0,baseline_H_asset_only,0,0,0,0,CURRENT_OBSERVATION,NaN,NaN,NaN,NaN,NaN,1,NaN,NaN,NaN,0,NaN,NaN,NaN,NaN,NaN,NaN,0,0,NaN,0,0.5,NaN,NaN,NaN,NaN,NONE,NOT_APPLICABLE_CURRENT_OBSERVATION,0,,0,0,NaN,0,0,0,NaN,NaN,0,NaN,NaN,49.626,1,MAIN_CONCLUSION_ELIGIBLE,70.756,21.13,49.626,0,0,0.89375,0,2.50323317160507e-13,0,0,0,0,0,0,70.756,0,0
43,NORMAL,81.34,21.13,0,0,0,0,0,0,0,0,0,0,60.21,0,5400,422.6,-4977.4,1,1,PASS_STRICT,1,0,baseline_H_asset_only,0,0,0,0,CURRENT_OBSERVATION,NaN,NaN,NaN,NaN,NaN,1,NaN,NaN,NaN,0,NaN,NaN,NaN,NaN,NaN,NaN,0,0,NaN,0,0.5,NaN,NaN,NaN,NaN,NONE,NOT_APPLICABLE_CURRENT_OBSERVATION,0,,0,0,NaN,0,0,0,NaN,NaN,0,NaN,NaN,60.21,1,MAIN_CONCLUSION_ELIGIBLE,81.34,21.13,60.21,0,0,0.89375,0,2.50323317160507e-13,0,0,0,0,0,0,81.34,0,0
44,NORMAL,111.328,21.13,0,0,0,0,0,0,0,0,0,0,90.198,0,5400,422.6,-4977.4,1,1,PASS_STRICT,1,0,baseline_H_asset_only,0,0,0,0,CURRENT_OBSERVATION,NaN,NaN,NaN,NaN,NaN,1,NaN,NaN,NaN,0,NaN,NaN,NaN,NaN,NaN,NaN,0,0,NaN,0,0.5,NaN,NaN,NaN,NaN,NONE,NOT_APPLICABLE_CURRENT_OBSERVATION,0,,0,0,NaN,0,0,0,NaN,NaN,0,NaN,NaN,90.198,1,MAIN_CONCLUSION_ELIGIBLE,111.328,21.13,90.198,0,0,0.89375,0,2.50323317160507e-13,0,0,0,0,0,0,111.328,0,0
45,NORMAL,186.9448,21.13,0,0,0,0,0,0,0,0,0,0,165.8148,0,5400,422.6,-4977.4,1,1,PASS_STRICT,1,0,baseline_H_asset_only,0,0,0,0,CURRENT_OBSERVATION,NaN,NaN,NaN,NaN,NaN,1,NaN,NaN,NaN,0,NaN,NaN,NaN,NaN,NaN,NaN,0,0,NaN,0,0.5,NaN,NaN,NaN,NaN,NONE,NOT_APPLICABLE_CURRENT_OBSERVATION,0,,0,0,NaN,0,0,0,NaN,NaN,0,NaN,NaN,165.8148,1,MAIN_CONCLUSION_ELIGIBLE,186.9448,21.13,165.8148,0,0,0.89375,0,2.50323317160507e-13,0,0,0,0,0,0,186.9448,0,0
46,NORMAL,364.5796,21.13,0,0,0,0,0,0,0,0,0,0,343.4496,0,5400,422.6,-4977.4,1,1,PASS_STRICT,1,0,baseline_H_asset_only,0,0,0,0,CURRENT_OBSERVATION,NaN,NaN,NaN,NaN,NaN,1,NaN,NaN,NaN,0,NaN,NaN,NaN,NaN,NaN,NaN,0,0,NaN,0,0.5,NaN,NaN,NaN,NaN,NONE,NOT_APPLICABLE_CURRENT_OBSERVATION,0,,0,0,NaN,0,0,0,NaN,NaN,0,NaN,NaN,343.4496,1,MAIN_CONCLUSION_ELIGIBLE,364.5796,21.13,343.4496,0,0,0.89375,0,2.50323317160507e-13,0,0,0,0,0,0,364.5796,0,0
47,NORMAL,576.31054904882,21.13,0,0,0,0,0,0,0,0,0,0,555.18054904882,0,5400,422.6,-4977.4,1,1,PASS_STRICT,1,0,baseline_H_asset_only,0,0,0,0,CURRENT_OBSERVATION,NaN,NaN,NaN,NaN,NaN,1,NaN,NaN,NaN,0,NaN,NaN,NaN,NaN,NaN,NaN,0,0,NaN,0,0.5,NaN,NaN,NaN,NaN,NONE,NOT_APPLICABLE_CURRENT_OBSERVATION,0,,0,0,NaN,0,0,0,NaN,NaN,0,NaN,NaN,555.18054904882,1,MAIN_CONCLUSION_ELIGIBLE,576.31054904882,21.13,555.18054904882,0,0,0.89375,0,2.50323317160507e-13,0,0,0,0,0,0,576.142,0.168549048820404,0
0,NORMAL,327.969049616543,118.162067099407,0,0,30.3562776257223,0,0,0,0,0,0,28.4100252847013,209.806982517137,0,147450.126423507,2363.24134198813,-170371.305081518,1,1,PASS_STRICT,1,0,baseline_C_asset_only,0,0,1,1,CURRENT_OBSERVATION,NaN,NaN,NaN,NaN,NaN,1,NaN,NaN,NaN,0,NaN,NaN,NaN,NaN,NaN,NaN,0,0,NaN,0,0.5,NaN,NaN,NaN,NaN,NONE,NOT_APPLICABLE_CURRENT_OBSERVATION,0,,0,0,NaN,0,0,0,NaN,NaN,0,NaN,NaN,209.806982517137,1,MAIN_CONCLUSION_ELIGIBLE,327.969049616543,118.162067099407,209.806982517137,66.3157894736842,0,0.89375,0,0,0,0,30.3562776257223,0,0,0,314.3056,13.0214041862257,0.642045430317657
1,NORMAL,314.917570879358,50.3312811358108,0,0,28.8412811358108,0,0,0,0,0,0,26.9921174100288,264.586289743547,0,140360.587050144,1006.62562271622,-139353.961427428,1,1,PASS_STRICT,1,0,baseline_C_asset_only,0,0,1,1,CURRENT_OBSERVATION,NaN,NaN,NaN,NaN,NaN,1,NaN,NaN,NaN,0,NaN,NaN,NaN,NaN,NaN,NaN,0,0,NaN,0,0.5,NaN,NaN,NaN,NaN,NONE,NOT_APPLICABLE_CURRENT_OBSERVATION,0,,0,0,NaN,0,0,0,NaN,NaN,0,NaN,NaN,264.586289743547,1,MAIN_CONCLUSION_ELIGIBLE,314.917570879358,50.3312811358108,264.586289743547,0,0,0.89375,0,0,0,0,28.8412811358108,0,0,0,286.3756,27.2092983259927,1.33267255336529
2,NORMAL,291.840438733695,52.238280234559,0,0,30.748280234559,0,0,0,0,0,0,28.7768026959885,239.602158499136,0,149284.013479943,1044.76560469118,-148239.247875251,1,1,PASS_STRICT,1,0,baseline_C_asset_only,0,0,1,1,CURRENT_OBSERVATION,NaN,NaN,NaN,NaN,NaN,1,NaN,NaN,NaN,0,NaN,NaN,NaN,NaN,NaN,NaN,0,0,NaN,0,0.5,NaN,NaN,NaN,NaN,NONE,NOT_APPLICABLE_CURRENT_OBSERVATION,0,,0,0,NaN,0,0,0,NaN,NaN,0,NaN,NaN,239.602158499136,1,MAIN_CONCLUSION_ELIGIBLE,291.840438733695,52.238280234559,239.602158499136,0,0,0.89375,0,0,0,0,30.748280234559,0,0,0,249.508,40.1699680641617,2.16247066953362
3,NORMAL,232.456082987042,51.7055965100584,0,0,30.2155965100584,0,0,0,0,0,0,28.2782274467867,180.750486476984,0,146791.137233934,1034.11193020117,-145757.025303732,1,1,PASS_STRICT,1,0,baseline_C_asset_only,0,0,1,1,CURRENT_OBSERVATION,NaN,NaN,NaN,NaN,NaN,1,NaN,NaN,NaN,0,NaN,NaN,NaN,NaN,NaN,NaN,0,0,NaN,0,0.5,NaN,NaN,NaN,NaN,NONE,NOT_APPLICABLE_CURRENT_OBSERVATION,0,,0,0,NaN,0,0,0,NaN,NaN,0,NaN,NaN,180.750486476984,1,MAIN_CONCLUSION_ELIGIBLE,232.456082987042,51.7055965100584,180.750486476984,0,0,0.89375,0,0,0,0,30.2155965100584,0,0,0,176.89,52.2046676557883,3.36141533125378
4,NORMAL,189.034659350842,51.2216347333831,0,0,29.731634733383,0,0,0,0,0,0,27.8252517116369,137.813024617459,0,144526.258558185,1024.43269466766,-143501.825863517,1,1,PASS_STRICT,1,0,baseline_C_asset_only,0,0,1,1,CURRENT_OBSERVATION,NaN,NaN,NaN,NaN,NaN,1,NaN,NaN,NaN,0,NaN,NaN,NaN,NaN,NaN,NaN,0,0,NaN,0,0.5,NaN,NaN,NaN,NaN,NONE,NOT_APPLICABLE_CURRENT_OBSERVATION,0,,0,0,NaN,0,0,0,NaN,NaN,0,NaN,NaN,137.813024617459,1,MAIN_CONCLUSION_ELIGIBLE,189.034659350842,51.2216347333831,137.813024617459,0,0,0.89375,0,0,0,0,29.731634733383,0,0,0,123.088,61.1244315922755,4.82222775856656
5,NORMAL,158.383746939714,52.0516697944741,0,0,30.5616697944741,0,0,0,0,0,0,28.6020192320982,106.33207714524,0,148410.096160491,1041.03339588948,-147369.062764602,1,1,PASS_STRICT,1,0,baseline_C_asset_only,0,0,1,1,CURRENT_OBSERVATION,NaN,NaN,NaN,NaN,NaN,1,NaN,NaN,NaN,0,NaN,NaN,NaN,NaN,NaN,NaN,0,0,NaN,0,0.5,NaN,NaN,NaN,NaN,NONE,NOT_APPLICABLE_CURRENT_OBSERVATION,0,,0,0,NaN,0,0,0,NaN,NaN,0,NaN,NaN,106.33207714524,1,MAIN_CONCLUSION_ELIGIBLE,158.383746939714,52.0516697944741,106.33207714524,0,0,0.89375,0,0,0,0,30.5616697944741,0,0,0,94.864,57.0362761655473,6.48347077416645
6,NORMAL,149.704634262795,51.3771582449326,0,0,29.8871582449326,0,0,0,0,0,0,27.9707132236934,98.3274760178619,0,145253.566118467,1027.54316489865,-144226.022953568,1,1,PASS_STRICT,1,0,baseline_C_asset_only,0,0,1,1,CURRENT_OBSERVATION,NaN,NaN,NaN,NaN,NaN,1,NaN,NaN,NaN,0,NaN,NaN,NaN,NaN,NaN,NaN,0,0,NaN,0,0.5,NaN,NaN,NaN,NaN,NONE,NOT_APPLICABLE_CURRENT_OBSERVATION,0,,0,0,NaN,0,0,0,NaN,NaN,0,NaN,NaN,98.3274760178619,1,MAIN_CONCLUSION_ELIGIBLE,149.704634262795,51.3771582449326,98.3274760178619,0,0,0.89375,0,0,0,0,29.8871582449326,0,0,0,87.808,45.4923059270679,16.4043283357266
7,NORMAL,158.133331487122,54.032989462239,0,0,32.542989462239,0,0,0,0,0,0,30.4561964619595,104.100342024883,0,157680.982309798,1080.65978924478,-156600.322520553,1,1,PASS_STRICT,1,0,baseline_C_asset_only,0,0,1,1,CURRENT_OBSERVATION,NaN,NaN,NaN,NaN,NaN,1,NaN,NaN,NaN,0,NaN,NaN,NaN,NaN,NaN,NaN,0,0,NaN,0,0.5,NaN,NaN,NaN,NaN,NONE,NOT_APPLICABLE_CURRENT_OBSERVATION,0,,0,0,NaN,0,0,0,NaN,NaN,0,NaN,NaN,104.100342024883,1,MAIN_CONCLUSION_ELIGIBLE,158.133331487122,54.032989462239,104.100342024883,0,0,0.89375,0,0,0,0,32.542989462239,0,0,0,104.86,33.6866159852672,19.5867155018544
8,NORMAL,179.434951368027,52.0212618251556,0,0,30.5312618251556,0,0,0,0,0,0,28.5734233313494,127.413689542872,0,148267.116656747,1040.42523650311,-147226.691420244,1,1,PASS_STRICT,1,0,baseline_C_asset_only,0,0,1,1,CURRENT_OBSERVATION,NaN,NaN,NaN,NaN,NaN,1,NaN,NaN,NaN,0,NaN,NaN,NaN,NaN,NaN,NaN,0,0,NaN,0,0.5,NaN,NaN,NaN,NaN,NONE,NOT_APPLICABLE_CURRENT_OBSERVATION,0,,0,0,NaN,0,0,0,NaN,NaN,0,NaN,NaN,127.413689542872,1,MAIN_CONCLUSION_ELIGIBLE,179.434951368027,52.0212618251556,127.413689542872,0,0,0.89375,0,0,0,0,30.5312618251556,0,0,0,138.376,18.3243180237534,22.7346333442739
9,NORMAL,204.820843804893,43.9235438035653,0,0,22.4335438035653,0,0,0,0,0,0,20.994943402635,160.897300001327,0,110374.717013175,878.470876071306,-109496.246137104,1,1,PASS_STRICT,1,0,baseline_C_asset_only,0,0,1,1,CURRENT_OBSERVATION,NaN,NaN,NaN,NaN,NaN,1,NaN,NaN,NaN,0,NaN,NaN,NaN,NaN,NaN,NaN,0,0,NaN,0,0.5,NaN,NaN,NaN,NaN,NONE,NOT_APPLICABLE_CURRENT_OBSERVATION,0,,0,0,NaN,0,0,0,NaN,NaN,0,NaN,NaN,160.897300001327,1,MAIN_CONCLUSION_ELIGIBLE,204.820843804893,43.9235438035653,160.897300001327,0,0,0.89375,0,0,0,0,22.4335438035653,0,0,0,174.6556,4.18158389889633,25.9836599059962
10,NORMAL,233.9947898688,44.3275385926174,0,0,22.8375385926174,0,0,0,0,0,0,21.3729967964191,189.667251276183,0,112264.983982096,886.550771852348,-111378.433210243,1,1,PASS_STRICT,1,0,baseline_C_asset_only,0,0,1,1,CURRENT_OBSERVATION,NaN,NaN,NaN,NaN,NaN,1,NaN,NaN,NaN,0,NaN,NaN,NaN,NaN,NaN,NaN,0,0,NaN,0,0.5,NaN,NaN,NaN,NaN,NONE,NOT_APPLICABLE_CURRENT_OBSERVATION,0,,0,0,NaN,0,0,0,NaN,NaN,0,NaN,NaN,189.667251276183,1,MAIN_CONCLUSION_ELIGIBLE,233.9947898688,44.3275385926174,189.667251276183,0,0,0.89375,0,0,0,0,22.8375385926174,0,0,0,204.82,0,29.1747898688002
11,NORMAL,254.1043898688,43.7201504533327,0,0,22.2301504533327,0,0,0,0,0,0,20.8045262461843,210.384239415467,0,109422.631230921,874.403009066655,-108548.228221855,1,1,PASS_STRICT,1,0,baseline_C_asset_only,0,0,1,1,CURRENT_OBSERVATION,NaN,NaN,NaN,NaN,NaN,1,NaN,NaN,NaN,0,NaN,NaN,NaN,NaN,NaN,NaN,0,0,NaN,0,0.5,NaN,NaN,NaN,NaN,NONE,NOT_APPLICABLE_CURRENT_OBSERVATION,0,,0,0,NaN,0,0,0,NaN,NaN,0,NaN,NaN,210.384239415467,1,MAIN_CONCLUSION_ELIGIBLE,254.1043898688,43.7201504533327,210.384239415467,0,0,0.89375,0,0,0,0,22.2301504533327,0,0,0,224.9296,0,29.1747898688002
12,NORMAL,221.578,43.2995780482251,0,0,22.1695780482251,0,0,0,0,0,0,20.7478050269866,178.278421951775,0,109139.025134933,865.991560964503,-108273.033573969,1,1,PASS_STRICT,1,0,baseline_C_asset_only,0,0,1,1,CURRENT_OBSERVATION,NaN,NaN,NaN,NaN,NaN,1,NaN,NaN,NaN,0,NaN,NaN,NaN,NaN,NaN,NaN,0,0,NaN,0,0.5,NaN,NaN,NaN,NaN,NONE,NOT_APPLICABLE_CURRENT_OBSERVATION,0,,0,0,NaN,0,0,0,NaN,NaN,0,NaN,NaN,178.278421951775,1,MAIN_CONCLUSION_ELIGIBLE,221.578,43.2995780482251,178.278421951775,0,0,0.89375,0,0,0,0,22.1695780482251,0,0,0,221.578,0,0
13,NORMAL,196.9996,42.9785531812369,0,0,21.8485531812369,0,0,0,0,0,0,20.4473351823884,154.021046818763,0,107636.675911942,859.571063624738,-106777.104848317,1,1,PASS_STRICT,1,0,baseline_C_asset_only,0,0,1,1,CURRENT_OBSERVATION,NaN,NaN,NaN,NaN,NaN,1,NaN,NaN,NaN,0,NaN,NaN,NaN,NaN,NaN,NaN,0,0,NaN,0,0.5,NaN,NaN,NaN,NaN,NONE,NOT_APPLICABLE_CURRENT_OBSERVATION,0,,0,0,NaN,0,0,0,NaN,NaN,0,NaN,NaN,154.021046818763,1,MAIN_CONCLUSION_ELIGIBLE,196.9996,42.9785531812369,154.021046818763,0,0,0.89375,0,0,0,0,21.8485531812369,0,0,0,196.9996,0,0
14,NORMAL,159.0148,42.8464515075976,0,0,21.7164515075976,0,0,0,0,0,0,20.3236729604568,116.168348492402,0,107018.364802284,856.929030151952,-106161.435772132,1,1,PASS_STRICT,1,0,baseline_C_asset_only,0,0,1,1,CURRENT_OBSERVATION,NaN,NaN,NaN,NaN,NaN,1,NaN,NaN,NaN,0,NaN,NaN,NaN,NaN,NaN,NaN,0,0,NaN,0,0.5,NaN,NaN,NaN,NaN,NONE,NOT_APPLICABLE_CURRENT_OBSERVATION,0,,0,0,NaN,0,0,0,NaN,NaN,0,NaN,NaN,116.168348492402,1,MAIN_CONCLUSION_ELIGIBLE,159.0148,42.8464515075976,116.168348492402,0,0,0.89375,0,0,0,0,21.7164515075976,0,0,0,159.0148,0,0
15,NORMAL,135.436,44.1333494462177,0,0,23.0033494462178,0,0,0,0,0,0,21.5280014710202,91.3026505537822,0,113040.007355101,882.666988924355,-112157.340366177,1,1,PASS_STRICT,1,0,baseline_C_asset_only,0,0,1,1,CURRENT_OBSERVATION,NaN,NaN,NaN,NaN,NaN,1,NaN,NaN,NaN,0,NaN,NaN,NaN,NaN,NaN,NaN,0,0,NaN,0,0.5,NaN,NaN,NaN,NaN,NONE,NOT_APPLICABLE_CURRENT_OBSERVATION,0,,0,0,NaN,0,0,0,NaN,NaN,0,NaN,NaN,91.3026505537822,1,MAIN_CONCLUSION_ELIGIBLE,135.436,44.1333494462177,91.3026505537822,0,0,0.89375,0,0,0,0,23.0033494462178,0,0,0,135.436,0,0
16,NORMAL,124.074470669534,43.6809395253928,0,0,22.1909395253928,0,0,0,0,0,0,20.7676630881262,80.3935311441408,0,109238.315440631,873.618790507856,-108364.696650123,1,1,PASS_STRICT,1,0,baseline_C_asset_only,0,0,1,1,CURRENT_OBSERVATION,NaN,NaN,NaN,NaN,NaN,1,NaN,NaN,NaN,0,NaN,NaN,NaN,NaN,NaN,NaN,0,0,NaN,0,0.5,NaN,NaN,NaN,NaN,NONE,NOT_APPLICABLE_CURRENT_OBSERVATION,0,,0,0,NaN,0,0,0,NaN,NaN,0,NaN,NaN,80.3935311441408,1,MAIN_CONCLUSION_ELIGIBLE,124.074470669534,43.6809395253928,80.3935311441408,0,0,0.89375,0,0,0,0,22.1909395253928,0,0,0,121.912,0,2.16247066953362
17,NORMAL,115.865415331254,44.7612301685225,0,0,23.2712301685225,0,0,0,0,0,0,21.7786313530697,71.1041851627312,0,114293.156765349,895.224603370451,-113397.932161978,1,1,PASS_STRICT,1,0,baseline_C_asset_only,0,0,1,1,CURRENT_OBSERVATION,NaN,NaN,NaN,NaN,NaN,1,NaN,NaN,NaN,0,NaN,NaN,NaN,NaN,NaN,NaN,0,0,NaN,0,0.5,NaN,NaN,NaN,NaN,NONE,NOT_APPLICABLE_CURRENT_OBSERVATION,0,,0,0,NaN,0,0,0,NaN,NaN,0,NaN,NaN,71.1041851627312,1,MAIN_CONCLUSION_ELIGIBLE,115.865415331254,44.7612301685225,71.1041851627312,0,0,0.89375,0,0,0,0,23.2712301685225,0,0,0,112.504,0,3.36141533125378
18,NORMAL,111.446227758567,43.4348324404445,0,0,21.9448324404445,0,0,0,0,0,0,20.5372747591779,68.0113953181221,0,108086.37379589,868.69664880889,-107217.677147081,1,1,PASS_STRICT,1,0,baseline_C_asset_only,0,0,1,1,CURRENT_OBSERVATION,NaN,NaN,NaN,NaN,NaN,1,NaN,NaN,NaN,0,NaN,NaN,NaN,NaN,NaN,NaN,0,0,NaN,0,0.5,NaN,NaN,NaN,NaN,NONE,NOT_APPLICABLE_CURRENT_OBSERVATION,0,,0,0,NaN,0,0,0,NaN,NaN,0,NaN,NaN,68.0113953181221,1,MAIN_CONCLUSION_ELIGIBLE,111.446227758567,43.4348324404445,68.0113953181221,0,0,0.89375,0,0,0,0,21.9448324404445,0,0,0,106.624,0,4.82222775856656
19,NORMAL,110.167470774166,43.7290798197537,0,0,22.2390798197537,0,0,0,0,0,0,20.8126154564419,66.4383909544127,0,109463.077282209,874.581596395075,-108588.495685814,1,1,PASS_STRICT,1,0,baseline_C_asset_only,0,0,1,1,CURRENT_OBSERVATION,NaN,NaN,NaN,NaN,NaN,1,NaN,NaN,NaN,0,NaN,NaN,NaN,NaN,NaN,NaN,0,0,NaN,0,0.5,NaN,NaN,NaN,NaN,NONE,NOT_APPLICABLE_CURRENT_OBSERVATION,0,,0,0,NaN,0,0,0,NaN,NaN,0,NaN,NaN,66.4383909544127,1,MAIN_CONCLUSION_ELIGIBLE,110.167470774166,43.7290798197537,66.4383909544127,0,0,0.89375,0,0,0,0,22.2390798197537,0,0,0,103.684,0,6.48347077416645
20,NORMAL,109.854633421327,43.3598000612357,0,0,21.8698000612357,0,0,0,0,0,0,20.4669892447738,66.4948333600917,0,107734.946223869,867.196001224715,-106867.750222644,1,1,PASS_STRICT,1,0,baseline_C_asset_only,0,0,1,1,CURRENT_OBSERVATION,NaN,NaN,NaN,NaN,NaN,1,NaN,NaN,NaN,0,NaN,NaN,NaN,NaN,NaN,NaN,0,0,NaN,0,0.5,NaN,NaN,NaN,NaN,NONE,NOT_APPLICABLE_CURRENT_OBSERVATION,0,,0,0,NaN,0,0,0,NaN,NaN,0,NaN,NaN,66.4948333600917,1,MAIN_CONCLUSION_ELIGIBLE,109.854633421327,43.3598000612357,66.4948333600917,0,0,0.89375,0,0,0,0,21.8698000612357,0,0,0,101.332,0,8.52263342132742
21,NORMAL,120.438633421327,44.741943091839,0,0,23.251943091839,0,0,0,0,0,0,21.7604414875761,75.6966903294884,0,114202.207437881,894.838861836781,-113307.368576044,1,1,PASS_STRICT,1,0,baseline_C_asset_only,0,0,1,1,CURRENT_OBSERVATION,NaN,NaN,NaN,NaN,NaN,1,NaN,NaN,NaN,0,NaN,NaN,NaN,NaN,NaN,NaN,0,0,NaN,0,0.5,NaN,NaN,NaN,NaN,NONE,NOT_APPLICABLE_CURRENT_OBSERVATION,0,,0,0,NaN,0,0,0,NaN,NaN,0,NaN,NaN,75.6966903294884,1,MAIN_CONCLUSION_ELIGIBLE,120.438633421327,44.741943091839,75.6966903294884,0,0,0.89375,0,0,0,0,23.251943091839,0,0,0,111.916,0,8.52263342132742
22,NORMAL,135.451470774166,51.5861351056054,0,0,30.0961351056054,0,0,0,0,0,0,28.165565870142,83.8653356685611,0,146227.82935071,1031.72270211211,-145196.106648598,1,1,PASS_STRICT,1,0,baseline_C_asset_only,0,0,1,1,CURRENT_OBSERVATION,NaN,NaN,NaN,NaN,NaN,1,NaN,NaN,NaN,0,NaN,NaN,NaN,NaN,NaN,NaN,0,0,NaN,0,0.5,NaN,NaN,NaN,NaN,NONE,NOT_APPLICABLE_CURRENT_OBSERVATION,0,,0,0,NaN,0,0,0,NaN,NaN,0,NaN,NaN,83.8653356685611,1,MAIN_CONCLUSION_ELIGIBLE,135.451470774166,51.5861351056054,83.8653356685611,0,0,0.89375,0,0,0,0,30.0961351056054,0,0,0,128.968,0,6.48347077416645
23,NORMAL,149.660359508325,51.7861143007426,0,0,30.2961143007426,0,0,0,0,0,0,28.3526714970511,97.8742452075826,0,147163.357485255,1035.72228601485,-146127.635199241,1,1,PASS_STRICT,1,0,baseline_C_asset_only,0,0,1,1,CURRENT_OBSERVATION,NaN,NaN,NaN,NaN,NaN,1,NaN,NaN,NaN,0,NaN,NaN,NaN,NaN,NaN,NaN,0,0,NaN,0,0.5,NaN,NaN,NaN,NaN,NONE,NOT_APPLICABLE_CURRENT_OBSERVATION,0,,0,0,NaN,0,0,0,NaN,NaN,0,NaN,NaN,97.8742452075826,1,MAIN_CONCLUSION_ELIGIBLE,149.660359508325,51.7861143007426,97.8742452075826,0,0,0.89375,0,0,0,0,30.2961143007426,0,0,0,143.668,1.1701317497587,4.82222775856656
24,NORMAL,176.716251931771,51.0064054445578,0,0,29.8764054445578,0,0,0,0,0,0,27.9598413090345,125.709846487213,0,145199.206545173,1020.12810889116,-144179.078436281,1,1,PASS_STRICT,1,0,baseline_C_asset_only,0,0,1,1,CURRENT_OBSERVATION,NaN,NaN,NaN,NaN,NaN,1,NaN,NaN,NaN,0,NaN,NaN,NaN,NaN,NaN,NaN,0,0,NaN,0,0.5,NaN,NaN,NaN,NaN,NONE,NOT_APPLICABLE_CURRENT_OBSERVATION,0,,0,0,NaN,0,0,0,NaN,NaN,0,NaN,NaN,125.709846487213,1,MAIN_CONCLUSION_ELIGIBLE,176.716251931771,51.0064054445578,125.709846487213,0,0,0.89375,0,0,0,0,29.8764054445578,0,0,0,161.2492,15.4670519317706,0
25,NORMAL,211.253226442193,52.5414699508575,0,0,31.4114699508575,0,0,0,0,0,0,29.3969618001567,158.711756491335,0,152384.809000784,1050.82939901715,-151333.979601766,1,1,PASS_STRICT,1,0,baseline_C_asset_only,0,0,1,1,CURRENT_OBSERVATION,NaN,NaN,NaN,NaN,NaN,1,NaN,NaN,NaN,0,NaN,NaN,NaN,NaN,NaN,NaN,0,0,NaN,0,0.5,NaN,NaN,NaN,NaN,NONE,NOT_APPLICABLE_CURRENT_OBSERVATION,0,,0,0,NaN,0,0,0,NaN,NaN,0,NaN,NaN,158.711756491335,1,MAIN_CONCLUSION_ELIGIBLE,211.253226442193,52.5414699508575,158.711756491335,0,0,0.89375,0,0,0,0,31.4114699508575,0,0,0,175.7728,35.4804264421927,0
26,NORMAL,234.917611746144,52.586495880273,0,0,31.456495880273,0,0,0,0,0,0,29.4396308649004,182.331115865871,0,152598.154324502,1051.72991760546,-151546.424406897,1,1,PASS_STRICT,1,0,baseline_C_asset_only,0,0,1,1,CURRENT_OBSERVATION,NaN,NaN,NaN,NaN,NaN,1,NaN,NaN,NaN,0,NaN,NaN,NaN,NaN,NaN,NaN,0,0,NaN,0,0.5,NaN,NaN,NaN,NaN,NONE,NOT_APPLICABLE_CURRENT_OBSERVATION,0,,0,0,NaN,0,0,0,NaN,NaN,0,NaN,NaN,182.331115865871,1,MAIN_CONCLUSION_ELIGIBLE,234.917611746144,52.586495880273,182.331115865871,0,0,0.89375,0,0,0,0,31.456495880273,0,0,0,182.476,52.4416117461439,0
27,NORMAL,235.344559933185,51.6952279885109,0,0,30.5652279885109,0,0,0,0,0,0,28.6060232724128,183.649331944674,0,148430.116362064,1033.90455977022,-147396.211802294,1,1,PASS_STRICT,1,0,baseline_C_asset_only,0,0,1,1,CURRENT_OBSERVATION,NaN,NaN,NaN,NaN,NaN,1,NaN,NaN,NaN,0,NaN,NaN,NaN,NaN,NaN,NaN,0,0,NaN,0,0.5,NaN,NaN,NaN,NaN,NONE,NOT_APPLICABLE_CURRENT_OBSERVATION,0,,0,0,NaN,0,0,0,NaN,NaN,0,NaN,NaN,183.649331944674,1,MAIN_CONCLUSION_ELIGIBLE,235.344559933185,51.6952279885109,183.649331944674,0,0,0.89375,0,0,0,0,30.5652279885109,0,0,0,176.89,58.4545599331846,0
28,NORMAL,209.956409748643,51.9526236020074,0,0,30.8226236020074,0,0,0,0,0,0,28.8474401693405,158.003786146636,0,149637.200846703,1039.05247204015,-148598.148374663,1,1,PASS_STRICT,1,0,baseline_C_asset_only,0,0,1,1,CURRENT_OBSERVATION,NaN,NaN,NaN,NaN,NaN,1,NaN,NaN,NaN,0,NaN,NaN,NaN,NaN,NaN,NaN,0,0,NaN,0,0.5,NaN,NaN,NaN,NaN,NONE,NOT_APPLICABLE_CURRENT_OBSERVATION,0,,0,0,NaN,0,0,0,NaN,NaN,0,NaN,NaN,158.003786146636,1,MAIN_CONCLUSION_ELIGIBLE,209.956409748643,51.9526236020074,158.003786146636,0,0,0.89375,0,0,0,0,30.8226236020074,0,0,0,148.96,60.996409748643,0
29,NORMAL,173.53876448071,52.3262054562824,0,0,31.1962054562824,0,0,0,0,0,0,29.197608496443,121.212559024427,0,151388.042482215,1046.52410912565,-150341.51837309,1,1,PASS_STRICT,1,0,baseline_C_asset_only,0,0,1,1,CURRENT_OBSERVATION,NaN,NaN,NaN,NaN,NaN,1,NaN,NaN,NaN,0,NaN,NaN,NaN,NaN,NaN,NaN,0,0,NaN,0,0.5,NaN,NaN,NaN,NaN,NONE,NOT_APPLICABLE_CURRENT_OBSERVATION,0,,0,0,NaN,0,0,0,NaN,NaN,0,NaN,NaN,121.212559024427,1,MAIN_CONCLUSION_ELIGIBLE,173.53876448071,52.3262054562824,121.212559024427,0,0,0.89375,0,0,0,0,31.1962054562824,0,0,0,124.852,48.6867644807095,0
30,NORMAL,149.387038948077,52.5880492161495,0,0,31.4580492161495,0,0,0,0,0,0,29.4432080154366,96.7989897319275,0,152616.040077183,1051.76098432299,-151564.27909286,1,1,PASS_STRICT,1,0,baseline_C_asset_only,0,0,1,1,CURRENT_OBSERVATION,NaN,NaN,NaN,NaN,NaN,1,NaN,NaN,NaN,0,NaN,NaN,NaN,NaN,NaN,NaN,0,0,NaN,0,0.5,NaN,NaN,NaN,NaN,NONE,NOT_APPLICABLE_CURRENT_OBSERVATION,0,,0,0,NaN,0,0,0,NaN,NaN,0,NaN,NaN,96.7989897319275,1,MAIN_CONCLUSION_ELIGIBLE,149.387038948077,52.5880492161495,96.7989897319275,0,0,0.89375,0,0,0,0,31.4580492161495,0,0,0,103.684,45.703038948077,0
31,NORMAL,119.828151936921,51.3664109350767,0,0,30.2364109350767,0,0,0,0,0,0,28.3003241298793,68.4617410018439,0,146901.620649396,1027.32821870153,-145874.292430695,1,1,PASS_STRICT,1,0,baseline_C_asset_only,0,0,1,1,CURRENT_OBSERVATION,NaN,NaN,NaN,NaN,NaN,1,NaN,NaN,NaN,0,NaN,NaN,NaN,NaN,NaN,NaN,0,0,NaN,0,0.5,NaN,NaN,NaN,NaN,NONE,NOT_APPLICABLE_CURRENT_OBSERVATION,0,,0,0,NaN,0,0,0,NaN,NaN,0,NaN,NaN,68.4617410018439,1,MAIN_CONCLUSION_ELIGIBLE,119.828151936921,51.3664109350767,68.4617410018439,0,0,0.89375,0,0,0,0,30.2364109350767,0,0,0,90.748,29.0801519369206,0
32,NORMAL,103.495924044676,42.8609367563383,0,0,21.7309367563383,0,0,0,0,0,0,20.3398361167673,60.634987288338,0,107099.180583837,857.218735126766,-106241.96184871,1,1,PASS_STRICT,1,0,baseline_C_asset_only,0,0,1,1,CURRENT_OBSERVATION,NaN,NaN,NaN,NaN,NaN,1,NaN,NaN,NaN,0,NaN,NaN,NaN,NaN,NaN,NaN,0,0,NaN,0,0.5,NaN,NaN,NaN,NaN,NONE,NOT_APPLICABLE_CURRENT_OBSERVATION,0,,0,0,NaN,0,0,0,NaN,NaN,0,NaN,NaN,60.634987288338,1,MAIN_CONCLUSION_ELIGIBLE,103.495924044676,42.8609367563383,60.634987288338,0,0,0.89375,0,0,0,0,21.7309367563383,0,0,0,86.044,17.4519240446763,0
33,NORMAL,99.4747257814166,43.2664550103451,0,0,22.1364550103451,0,0,0,0,0,0,20.719768829765,56.2082707710714,0,108998.844148825,865.329100206903,-108133.515048618,1,1,PASS_STRICT,1,0,baseline_C_asset_only,0,0,1,1,CURRENT_OBSERVATION,NaN,NaN,NaN,NaN,NaN,1,NaN,NaN,NaN,0,NaN,NaN,NaN,NaN,NaN,NaN,0,0,NaN,0,0.5,NaN,NaN,NaN,NaN,NONE,NOT_APPLICABLE_CURRENT_OBSERVATION,0,,0,0,NaN,0,0,0,NaN,NaN,0,NaN,NaN,56.2082707710714,1,MAIN_CONCLUSION_ELIGIBLE,99.4747257814166,43.2664550103451,56.2082707710714,0,0,0.89375,0,0,0,0,22.1364550103451,0,0,0,94.276,5.19872578141655,0
34,NORMAL,111.328,43.7447930503231,0,0,22.6147930503232,0,0,0,0,0,0,21.167875948036,67.5832069496769,0,111239.37974018,874.895861006463,-110364.483879173,1,1,PASS_STRICT,1,0,baseline_C_asset_only,0,0,1,1,CURRENT_OBSERVATION,NaN,NaN,NaN,NaN,NaN,1,NaN,NaN,NaN,0,NaN,NaN,NaN,NaN,NaN,NaN,0,0,NaN,0,0.5,NaN,NaN,NaN,NaN,NONE,NOT_APPLICABLE_CURRENT_OBSERVATION,0,,0,0,NaN,0,0,0,NaN,NaN,0,NaN,NaN,67.5832069496769,1,MAIN_CONCLUSION_ELIGIBLE,111.328,43.7447930503231,67.5832069496769,0,0,0.89375,0,0,0,0,22.6147930503232,0,0,0,111.328,0,0
35,NORMAL,129.11085859082,43.9687809157252,0,0,22.4787809157252,0,0,0,0,0,0,21.0409454225665,85.1420776750949,0,110604.727112832,879.375618314503,-109725.351494518,1,1,PASS_STRICT,1,0,baseline_C_asset_only,0,0,1,1,CURRENT_OBSERVATION,NaN,NaN,NaN,NaN,NaN,1,NaN,NaN,NaN,0,NaN,NaN,NaN,NaN,NaN,NaN,0,0,NaN,0,0.5,NaN,NaN,NaN,NaN,NONE,NOT_APPLICABLE_CURRENT_OBSERVATION,0,,0,0,NaN,0,0,0,NaN,NaN,0,NaN,NaN,85.1420776750949,1,MAIN_CONCLUSION_ELIGIBLE,129.11085859082,43.9687809157252,85.1420776750949,0,0,0.89375,0,0,0,0,22.4787809157252,0,0,0,128.968,0,0.142858590820011
36,NORMAL,139.385415331254,44.3008392942727,0,0,22.8108392942727,0,0,0,0,0,0,21.3521490135898,95.0845760369811,0,112160.745067949,886.016785885454,-111274.728282063,1,1,PASS_STRICT,1,0,baseline_C_asset_only,0,0,1,1,CURRENT_OBSERVATION,NaN,NaN,NaN,NaN,NaN,1,NaN,NaN,NaN,0,NaN,NaN,NaN,NaN,NaN,NaN,0,0,NaN,0,0.5,NaN,NaN,NaN,NaN,NONE,NOT_APPLICABLE_CURRENT_OBSERVATION,0,,0,0,NaN,0,0,0,NaN,NaN,0,NaN,NaN,95.0845760369811,1,MAIN_CONCLUSION_ELIGIBLE,139.385415331254,44.3008392942727,95.0845760369811,0,0,0.89375,0,0,0,0,22.8108392942727,0,0,0,136.024,0,3.36141533125378
37,NORMAL,139.082227758567,43.8484079490697,0,0,22.3584079490697,0,0,0,0,0,0,20.929026817543,95.2338198094969,0,110045.134087715,876.968158981394,-109168.165928734,1,1,PASS_STRICT,1,0,baseline_C_asset_only,0,0,1,1,CURRENT_OBSERVATION,NaN,NaN,NaN,NaN,NaN,1,NaN,NaN,NaN,0,NaN,NaN,NaN,NaN,NaN,NaN,0,0,NaN,0,0.5,NaN,NaN,NaN,NaN,NONE,NOT_APPLICABLE_CURRENT_OBSERVATION,0,,0,0,NaN,0,0,0,NaN,NaN,0,NaN,NaN,95.2338198094969,1,MAIN_CONCLUSION_ELIGIBLE,139.082227758567,43.8484079490697,95.2338198094969,0,0,0.89375,0,0,0,0,22.3584079490697,0,0,0,134.26,0,4.82222775856656
38,NORMAL,137.803470774166,43.9452558921206,0,0,22.4552558921206,0,0,0,0,0,0,21.0200622969703,93.8582148820459,0,110500.311484852,878.905117842411,-109621.406367009,1,1,PASS_STRICT,1,0,baseline_C_asset_only,0,0,1,1,CURRENT_OBSERVATION,NaN,NaN,NaN,NaN,NaN,1,NaN,NaN,NaN,0,NaN,NaN,NaN,NaN,NaN,NaN,0,0,NaN,0,0.5,NaN,NaN,NaN,NaN,NONE,NOT_APPLICABLE_CURRENT_OBSERVATION,0,,0,0,NaN,0,0,0,NaN,NaN,0,NaN,NaN,93.8582148820459,1,MAIN_CONCLUSION_ELIGIBLE,137.803470774166,43.9452558921206,93.8582148820459,0,0,0.89375,0,0,0,0,22.4552558921206,0,0,0,131.32,0,6.48347077416645
39,NORMAL,123.966633421327,43.5225037074362,0,0,22.0325037074362,0,0,0,0,0,0,20.6247016140389,80.4441297138912,0,108523.508070194,870.450074148723,-107653.057996046,1,1,PASS_STRICT,1,0,baseline_C_asset_only,0,0,1,1,CURRENT_OBSERVATION,NaN,NaN,NaN,NaN,NaN,1,NaN,NaN,NaN,0,NaN,NaN,NaN,NaN,NaN,NaN,0,0,NaN,0,0.5,NaN,NaN,NaN,NaN,NONE,NOT_APPLICABLE_CURRENT_OBSERVATION,0,,0,0,NaN,0,0,0,NaN,NaN,0,NaN,NaN,80.4441297138912,1,MAIN_CONCLUSION_ELIGIBLE,123.966633421327,43.5225037074362,80.4441297138912,0,0,0.89375,0,0,0,0,22.0325037074362,0,0,0,115.444,0,8.52263342132742
40,NORMAL,100.171470774166,43.8664018932484,0,0,22.3764018932484,0,0,0,0,0,0,20.9470036314146,56.305068880918,0,110135.018157073,877.328037864968,-109257.690119208,1,1,PASS_STRICT,1,0,baseline_C_asset_only,0,0,1,1,CURRENT_OBSERVATION,NaN,NaN,NaN,NaN,NaN,1,NaN,NaN,NaN,0,NaN,NaN,NaN,NaN,NaN,NaN,0,0,NaN,0,0.5,NaN,NaN,NaN,NaN,NONE,NOT_APPLICABLE_CURRENT_OBSERVATION,0,,0,0,NaN,0,0,0,NaN,NaN,0,NaN,NaN,56.305068880918,1,MAIN_CONCLUSION_ELIGIBLE,100.171470774166,43.8664018932484,56.305068880918,0,0,0.89375,0,0,0,0,22.3764018932484,0,0,0,93.688,0,6.48347077416645
41,NORMAL,79.9974153312537,42.8397554012603,0,0,21.3497554012603,0,0,0,0,0,0,19.9862994665775,37.1576599299935,0,105331.497332888,856.795108025206,-104474.702224862,1,1,PASS_STRICT,1,0,baseline_C_asset_only,0,0,1,1,CURRENT_OBSERVATION,NaN,NaN,NaN,NaN,NaN,1,NaN,NaN,NaN,0,NaN,NaN,NaN,NaN,NaN,NaN,0,0,NaN,0,0.5,NaN,NaN,NaN,NaN,NONE,NOT_APPLICABLE_CURRENT_OBSERVATION,0,,0,0,NaN,0,0,0,NaN,NaN,0,NaN,NaN,37.1576599299935,1,MAIN_CONCLUSION_ELIGIBLE,79.9974153312537,42.8397554012603,37.1576599299935,0,0,0.89375,0,0,0,0,21.3497554012603,0,0,0,76.636,0,3.36141533125378
42,NORMAL,70.756,43.6777049945773,0,0,22.5477049945773,0,0,0,0,0,0,21.1081252771297,27.0782950054227,0,110940.626385649,873.554099891546,-110067.072285757,1,1,PASS_STRICT,1,0,baseline_C_asset_only,0,0,1,1,CURRENT_OBSERVATION,NaN,NaN,NaN,NaN,NaN,1,NaN,NaN,NaN,0,NaN,NaN,NaN,NaN,NaN,NaN,0,0,NaN,0,0.5,NaN,NaN,NaN,NaN,NONE,NOT_APPLICABLE_CURRENT_OBSERVATION,0,,0,0,NaN,0,0,0,NaN,NaN,0,NaN,NaN,27.0782950054227,1,MAIN_CONCLUSION_ELIGIBLE,70.756,43.6777049945773,27.0782950054227,0,0,0.89375,0,0,0,0,22.5477049945773,0,0,0,70.756,0,0
43,NORMAL,81.34,43.0264971334299,0,0,21.8964971334299,0,0,0,0,0,0,20.4988640975327,38.31350286657,0,107894.320487664,860.529942668599,-107033.790544995,1,1,PASS_STRICT,1,0,baseline_C_asset_only,0,0,1,1,CURRENT_OBSERVATION,NaN,NaN,NaN,NaN,NaN,1,NaN,NaN,NaN,0,NaN,NaN,NaN,NaN,NaN,NaN,0,0,NaN,0,0.5,NaN,NaN,NaN,NaN,NONE,NOT_APPLICABLE_CURRENT_OBSERVATION,0,,0,0,NaN,0,0,0,NaN,NaN,0,NaN,NaN,38.31350286657,1,MAIN_CONCLUSION_ELIGIBLE,81.34,43.0264971334299,38.31350286657,0,0,0.89375,0,0,0,0,21.8964971334299,0,0,0,81.34,0,0
44,NORMAL,111.328,43.2195228571942,0,0,22.0895228571942,0,0,0,0,0,0,20.6799421363585,68.1084771428059,0,108799.710681793,864.390457143883,-107935.320224649,1,1,PASS_STRICT,1,0,baseline_C_asset_only,0,0,1,1,CURRENT_OBSERVATION,NaN,NaN,NaN,NaN,NaN,1,NaN,NaN,NaN,0,NaN,NaN,NaN,NaN,NaN,NaN,0,0,NaN,0,0.5,NaN,NaN,NaN,NaN,NONE,NOT_APPLICABLE_CURRENT_OBSERVATION,0,,0,0,NaN,0,0,0,NaN,NaN,0,NaN,NaN,68.1084771428059,1,MAIN_CONCLUSION_ELIGIBLE,111.328,43.2195228571942,68.1084771428059,0,0,0.89375,0,0,0,0,22.0895228571942,0,0,0,111.328,0,0
45,NORMAL,186.9448,43.2859623599975,0,0,22.1559623599975,0,0,0,0,0,0,20.7425160919811,143.658837640003,0,109112.580459905,865.719247199949,-108246.861212705,1,1,PASS_STRICT,1,0,baseline_C_asset_only,0,0,1,1,CURRENT_OBSERVATION,NaN,NaN,NaN,NaN,NaN,1,NaN,NaN,NaN,0,NaN,NaN,NaN,NaN,NaN,NaN,0,0,NaN,0,0.5,NaN,NaN,NaN,NaN,NONE,NOT_APPLICABLE_CURRENT_OBSERVATION,0,,0,0,NaN,0,0,0,NaN,NaN,0,NaN,NaN,143.658837640003,1,MAIN_CONCLUSION_ELIGIBLE,186.9448,43.2859623599975,143.658837640003,0,0,0.89375,0,0,0,0,22.1559623599975,0,0,0,186.9448,0,0
46,NORMAL,364.5796,42.4098696879284,0,0,21.2798696879284,0,0,0,0,0,0,19.9226733376871,322.169730312071,0,105013.366688436,848.197393758569,-104165.169294677,1,1,PASS_STRICT,1,0,baseline_C_asset_only,0,0,1,1,CURRENT_OBSERVATION,NaN,NaN,NaN,NaN,NaN,1,NaN,NaN,NaN,0,NaN,NaN,NaN,NaN,NaN,NaN,0,0,NaN,0,0.5,NaN,NaN,NaN,NaN,NONE,NOT_APPLICABLE_CURRENT_OBSERVATION,0,,0,0,NaN,0,0,0,NaN,NaN,0,NaN,NaN,322.169730312071,1,MAIN_CONCLUSION_ELIGIBLE,364.5796,42.4098696879284,322.169730312071,0,0,0.89375,0,0,0,0,21.2798696879284,0,0,0,364.5796,0,0
47,NORMAL,576.31054904882,43.8021465419392,0,0,22.6721465419392,0,0,0,0,0,0,21.2265358273931,532.508402506881,0,111532.679136966,876.042930838785,-110656.636206127,1,1,PASS_STRICT,1,0,baseline_C_asset_only,0,0,1,1,CURRENT_OBSERVATION,NaN,NaN,NaN,NaN,NaN,1,NaN,NaN,NaN,0,NaN,NaN,NaN,NaN,NaN,NaN,0,0,NaN,0,0.5,NaN,NaN,NaN,NaN,NONE,NOT_APPLICABLE_CURRENT_OBSERVATION,0,,0,0,NaN,0,0,0,NaN,NaN,0,NaN,NaN,532.508402506881,1,MAIN_CONCLUSION_ELIGIBLE,576.31054904882,43.8021465419392,532.508402506881,0,0,0.89375,0,0,0,0,22.6721465419392,0,0,0,576.142,0.168549048820404,0
0,NORMAL,327.969049616543,327.969049616543,169.806982517137,40,30.3562776257223,156.222423915766,704.59749867888,0,0,0,704.59749867888,28.4100252847013,0,0,210148.43403786,49025.4722377069,-206389.766862686,1,1,PASS_STRICT,1,0,model_online_prior_posterior_event_aware,0.707048123914243,0.16655336863851,0.126398507447247,1,KALMAN_PRIOR_POSTERIOR,376.301989814673,330.206283669427,192.67879610382,330.206283669427,-2.2372340528832,6,254.734229441917,80.0000000000001,480.000000000001,203.787383553534,0.566778764410673,0.314052807803912,0.119168427785415,0.566778764410673,0.314052807803912,0.119168427785415,1,0,0,0,0.5,0.5,0,0,0,NONE,PLAN_SOLVED,0,,0,0,NaN,1,0,1,0,0,0,NaN,NaN,0,1,MAIN_CONCLUSION_ELIGIBLE,327.969049616543,327.969049616543,0,66.3157894736842,0,0.89375,40,704.59749867888,0,169.806982517137,30.3562776257223,0,0,0,314.3056,13.0214041862257,0.642045430317657
1,NORMAL,314.917570879358,314.917570879358,200,64.5862897435472,28.8412811358108,184,1137.68345505632,0,0,0,1137.68345505632,26.9921174100288,0,0,214207.147050144,70280.2435102843,-176191.606325257,1,1,PASS_STRICT,1,0,model_online_prior_posterior_event_aware,0.681599208283769,0.220109819775939,0.0982909719402914,1,KALMAN_PRIOR_POSTERIOR,375.082405061368,339.487885319295,193.69284983748,339.487885319295,-24.5703144399367,6,308.841281135811,79.9999999999999,479.999999999999,247.073024908649,0.5950598350806,0.294795780358008,0.110144384561392,0.647581823467606,0.259032729387042,0.0933854471453513,1,0,0.0565621413398531,0,0.5,0.5,0,0,0,NONE,PLAN_SOLVED,0,,0,0,NaN,1,0,1,0,0,1,24.5862897435472,24.5862897435472,24.5862897435472,1,MAIN_CONCLUSION_ELIGIBLE,314.917570879358,314.917570879358,0,0,0,0.89375,64.5862897435472,1842.2809537352,0,200,28.8412811358108,0,0,0,286.3756,27.2092983259927,1.33267255336529
2,NORMAL,291.840438733695,291.840438733695,139.602158499136,100,30.748280234559,128.433985819205,1761.4937466972,0,0,0,1761.4937466972,28.7768026959885,0,0,200829.709348623,12002.0368881141,-238783.635116841,1,1,PASS_STRICT,1,0,model_online_prior_posterior_event_aware,0.516374817636783,0.369890281918512,0.113734900444704,1,KALMAN_PRIOR_POSTERIOR,366.397445487183,329.096512186606,194.136186291905,329.096512186606,-37.256073452911,6,307.606512186606,100,600,246.085209749285,0.588021242349221,0.305398983605155,0.106579774045625,0.574949570133802,0.325090646778427,0.0999597830877711,1,0,0.0212064064942938,0,0.5,0.5,0,0,0,NONE,PLAN_SOLVED,0,,0,0,NaN,1,0,1,0,0,0,NaN,NaN,0,1,MAIN_CONCLUSION_ELIGIBLE,291.840438733695,291.840438733695,0,0,0,0.89375,100,3603.7747004324,0,139.602158499136,30.748280234559,0,0,0,249.508,40.1699680641617,2.16247066953362
3,NORMAL,232.456082987042,232.456082987042,89.2641293237287,91.486357153255,30.2155965100584,82.1229989778304,1611.52646033565,0,0,0,1611.52646033565,28.2782274467867,0,0,179750.381643696,10289.4642709156,-215163.807787899,1,1,PASS_STRICT,1,0,model_online_prior_posterior_event_aware,0.42312075979157,0.433654338450576,0.143224901757854,1,KALMAN_PRIOR_POSTERIOR,349.714183970287,307.960461325965,194.410291917435,307.960461325965,-75.5043783389229,6,286.470461325965,100,600,210.966082987042,0.57312075979157,0.320685984844593,0.106193255363836,0.545448435041648,0.349076130003552,0.1054754349548,1,0,0.0305740024788781,0,0.5,0.5,0,0,0,NONE,PLAN_SOLVED,0,,0,0,NaN,1,0,1,0,0,0,NaN,NaN,0,1,MAIN_CONCLUSION_ELIGIBLE,232.456082987042,232.456082987042,0,0,0,0.89375,91.486357153255,5215.30116076805,0,89.2641293237287,30.2155965100584,0,0,0,176.89,52.2046676557883,3.36141533125378
4,NORMAL,189.034659350842,189.034659350842,64.0115276064429,73.8014970110161,29.731634733383,58.8906053979275,1300.00875481797,0,0,0,1300.00875481797,27.8252517116369,0,0,168161.414128589,8330.72382887973,-196698.938586347,1,1,PASS_STRICT,1,0,model_online_prior_posterior_event_aware,0.382056508721065,0.440488507941481,0.177454983337454,1,KALMAN_PRIOR_POSTERIOR,329.070951330979,259.877141933162,194.218862769757,259.877141933162,-70.8424825823204,6,238.387141933162,100,600,167.544659350842,0.532056508721065,0.355265889399671,0.112677601879263,0.455794328161557,0.419485712144816,0.124719959693627,1,0,0.0821285021410096,0,0.5,0.5,0,0,0,NONE,PLAN_SOLVED,0,,0,0,NaN,1,0,1,0,0,0,NaN,NaN,0,1,MAIN_CONCLUSION_ELIGIBLE,189.034659350842,189.034659350842,0,0,0,0.89375,73.8014970110161,6515.30991558602,0,64.0115276064429,29.731634733383,0,0,0,123.088,61.1244315922755,4.82222775856656
5,NORMAL,158.383746939714,158.383746939714,48.0768240886188,58.2552530566209,30.5616697944741,44.2306781615293,1026.16263971501,0,0,0,1026.16263971501,28.6020192320982,0,0,166161.636533839,6759.24417779679,-188504.36481836,1,1,PASS_STRICT,1,0,model_online_prior_posterior_event_aware,0.351198101910318,0.425550869626468,0.223251028463214,1,KALMAN_PRIOR_POSTERIOR,306.927462623264,220.302459145014,193.39453614497,220.302459145014,-61.9187122053003,6,198.812459145014,80,480,136.893746939714,0.501198101910318,0.37175907207766,0.127042826012023,0.44388963211893,0.402389268479637,0.153721099401433,1,0,0.0617168136214952,0,0.5,0.5,0,0,0,NONE,PLAN_SOLVED,0,,0,0,NaN,1,0,1,0,0,0,NaN,NaN,0,1,MAIN_CONCLUSION_ELIGIBLE,158.383746939714,158.383746939714,0,0,0,0.89375,58.2552530566209,7541.47255530102,0,48.0768240886188,30.5616697944741,0,0,0,94.864,57.0362761655473,6.48347077416645
6,NORMAL,149.704634262795,149.704634262795,38.6062378280396,59.7212381898223,29.8871582449326,35.5177388017965,1051.98587616386,0,0,0,1051.98587616386,27.9707132236934,0,0,159508.25540918,6676.0432518294,-182666.531605357,1,1,PASS_STRICT,1,0,model_online_prior_posterior_event_aware,0.301106328852528,0.46579112075003,0.233102550397442,1,KALMAN_PRIOR_POSTERIOR,290.366201421584,192.674796108768,192.554445657314,192.674796108768,-42.9701618459734,6,171.184796108768,80,480,128.214634262795,0.451106328852528,0.405209324645896,0.143684346501576,0.358078750316633,0.467331222272621,0.174590027410745,1,0,0.100183546115579,0,0.5,0.5,0,0,0,NONE,PLAN_SOLVED,0,,0,0,NaN,1,0,1,0,0,0,NaN,NaN,0,1,MAIN_CONCLUSION_ELIGIBLE,149.704634262795,149.704634262795,0,0,0,0.89375,59.7212381898223,8593.45843146488,0,38.6062378280396,29.8871582449326,0,0,0,87.808,45.4923059270679,16.4043283357266
7,NORMAL,158.133331487122,158.133331487122,44.1003420248826,60,32.542989462239,40.572314662892,1056.89624801832,0,0,0,1056.89624801832,30.4561964619595,0,0,173964.275076603,6861.80349780655,-197076.049172596,1,1,PASS_STRICT,1,0,model_online_prior_posterior_event_aware,0.322740535852926,0.439099364359796,0.238160099787278,1,KALMAN_PRIOR_POSTERIOR,269.33288290098,180.168738779468,191.256097321867,180.168738779468,-22.0354072923461,6,158.678738779468,60,360,126.942991023574,0.439095697088982,0.395728932922702,0.165175369988316,0.416790238099538,0.378122491151056,0.205087270749406,1,0,0.0429820469734816,0,0.5,0.5,0,0,0,NONE,PLAN_SOLVED,0,,0,0,NaN,1,0,1,0,0,0,NaN,NaN,0,1,MAIN_CONCLUSION_ELIGIBLE,158.133331487122,158.133331487122,0,0,0,0.89375,60,9650.3546794832,0,44.1003420248826,32.542989462239,0,0,0,104.86,33.6866159852672,19.5867155018544
8,NORMAL,179.434951368027,179.434951368027,67.4136895428717,60,30.5312618251556,62.020594379442,1056.89624801832,0,0,0,1056.89624801832,28.5734233313494,0,0,173158.462004992,7287.83589542466,-195844.203703367,1,1,PASS_STRICT,1,0,model_online_prior_posterior_event_aware,0.42681762828741,0.379879188795304,0.193303182917286,1,KALMAN_PRIOR_POSTERIOR,248.176625127549,179.536703801811,190.145143792102,179.536703801811,-0.10175243378373,6,158.046703801811,60,360,126.437363041449,0.4349275306876,0.390095922646697,0.174976546665703,0.427186650227892,0.379634617848401,0.193178731923707,1,0,0.0196023533547736,0,0.5,0.5,0,0,0,NONE,PLAN_SOLVED,0,,0,0,NaN,1,0,1,0,0,0,NaN,NaN,0,1,MAIN_CONCLUSION_ELIGIBLE,179.434951368027,179.434951368027,0,0,0,0.89375,60,10707.2509275015,0,67.4136895428717,30.5312618251556,0,0,0,138.376,18.3243180237534,22.7346333442739
9,NORMAL,204.820843804893,204.820843804893,100.897300001327,60,22.4335438035653,92.8255160012211,1056.89624801832,0,0,0,1056.89624801832,20.994943402635,0,0,147629.309605105,7795.55374416197,-169807.333454743,1,1,PASS_STRICT,1,0,model_online_prior_posterior_event_aware,0.550356382522877,0.327277171449962,0.122366446027161,1,KALMAN_PRIOR_POSTERIOR,230.313026113747,189.648521675639,189.78028457596,189.648521675639,15.1723221292541,6,168.158521675638,60,360,134.526817340511,0.461128240009737,0.378444513233344,0.160427246756919,0.50978670017942,0.35680618146569,0.13340711835489,1,0,0.0524014186442739,0,0.5,0.5,0,0,0,NONE,PLAN_SOLVED,0,,0,0,NaN,1,0,1,0,0,0,NaN,NaN,0,1,MAIN_CONCLUSION_ELIGIBLE,204.820843804893,204.820843804893,0,0,0,0.89375,60,11764.1471755198,0,100.897300001327,22.4335438035653,0,0,0,174.6556,4.18158389889633,25.9836599059962
10,NORMAL,233.9947898688,233.9947898688,129.667251276183,60,22.8375385926174,119.293871174088,1056.89624801832,0,0,0,1056.89624801832,21.3729967964191,0,0,160142.386239104,8379.03266544012,-181736.931167464,1,1,PASS_STRICT,1,0,model_online_prior_posterior_event_aware,0.610185075622243,0.282346576926778,0.107468347450979,1,KALMAN_PRIOR_POSTERIOR,225.782290806818,208.372417741761,190.238216930621,208.372417741761,25.6223721270397,6,186.882417741761,60,360,149.505934193408,0.494592284643053,0.358359055166659,0.147048660190288,0.556739796104925,0.321057490185672,0.122202713709403,1,0,0.0669280892666314,0,0.5,0.5,0,0,0,NONE,PLAN_SOLVED,0,,0,0,NaN,1,0,1,0,0,0,NaN,NaN,0,1,MAIN_CONCLUSION_ELIGIBLE,233.9947898688,233.9947898688,0,0,0,0.89375,60,12821.0434235382,0,129.667251276183,22.8375385926174,0,0,0,204.82,0,29.1747898688002
11,NORMAL,254.1043898688,254.1043898688,150.384239415467,60,22.2301504533327,138.35350026223,1056.89624801832,0,0,0,1056.89624801832,20.8045262461843,0,0,164949.425026165,8781.22466544012,-186141.777954524,1,1,PASS_STRICT,1,0,model_online_prior_posterior_event_aware,0.646495857372743,0.257937610969989,0.0955665316572678,1,KALMAN_PRIOR_POSTERIOR,222.610895288984,229.895859511696,191.215422696439,229.895859511696,24.2085303571043,6,208.405859511696,60,360,166.724687609357,0.533386407914152,0.333698307004039,0.13291528508181,0.605432636846192,0.287899774702029,0.106667588451778,1,0,0.0775882465421979,0,0.5,0.5,0,0,0,NONE,PLAN_SOLVED,0,,0,0,NaN,1,0,1,0,0,0,NaN,NaN,0,1,MAIN_CONCLUSION_ELIGIBLE,254.1043898688,254.1043898688,0,0,0,0.89375,60,13877.9396715565,0,150.384239415467,22.2301504533327,0,0,0,224.9296,0,29.1747898688002
12,NORMAL,221.578,221.578,118.278421951775,60,22.1695780482251,108.816148195633,1056.89624801832,0,0,0,1056.89624801832,20.7478050269866,0,0,152811.298051769,8130.69686806412,-174654.178777504,1,1,PASS_STRICT,1,0,model_online_prior_posterior_event_aware,0.590070352170014,0.299329501915709,0.110600145914278,1,KALMAN_PRIOR_POSTERIOR,205.842616694567,236.288343770228,189.746567674011,236.288343770228,-14.710343770228,6,214.798343770228,60,360,171.838675016182,0.56281115550966,0.314670016513303,0.122518827977037,0.617457115329889,0.279331762744794,0.103211121925317,1,0,0.0588494951910164,0,0.5,0.5,0,0,0,NONE,PLAN_SOLVED,0,,0,0,NaN,1,0,1,0,0,0,NaN,NaN,0,1,MAIN_CONCLUSION_ELIGIBLE,221.578,221.578,0,0,0,0.89375,60,14934.8359195748,0,118.278421951775,22.1695780482251,0,0,0,221.578,0,0
13,NORMAL,196.9996,196.9996,94.021046818763,60,21.8485531812369,86.499363073262,1056.89624801832,0,0,0,1056.89624801832,20.4473351823884,0,0,142352.330287765,7639.12886806412,-164686.779013501,1,1,PASS_STRICT,1,0,model_online_prior_posterior_event_aware,0.534606588169661,0.341161860833254,0.124231550997085,1,KALMAN_PRIOR_POSTERIOR,207.473144917513,220.529231831671,189.910812476587,220.529231831671,-23.5296318316713,6,199.399231831671,60,360,159.519385465337,0.572160731655486,0.309851864297776,0.117987404046738,0.589524230212021,0.300903867326083,0.109571902461896,1,0,0.0186991522916528,0,0.5,0.5,0,0,0,NONE,PLAN_SOLVED,0,,0,0,NaN,1,0,1,0,0,0,NaN,NaN,0,1,MAIN_CONCLUSION_ELIGIBLE,196.9996,196.9996,0,0,0,0.89375,60,15991.7321675931,0,94.021046818763,21.8485531812369,0,0,0,196.9996,0,0
14,NORMAL,159.0148,159.0148,58.2095480521704,57.958800440232,21.7164515075976,53.5527842079968,1020.9406454154,0,0,0,1020.94064541539,20.3236729604568,0,0,128511.239216321,6753.58825895388,-150711.527661348,1,1,PASS_STRICT,1,0,model_online_prior_posterior_event_aware,0.422160731655486,0.420342201897758,0.157497066446755,1,KALMAN_PRIOR_POSTERIOR,218.557445621304,204.547317866527,192.154084905601,204.547317866527,-45.5325178665273,6,183.417317866527,60,360,137.8848,0.572160731655486,0.309851864297776,0.117987404046738,0.554477993364495,0.327122873117477,0.118399133518028,1,1,0,0,0.5,0.5,0,0,0,NONE,PLAN_SOLVED,0,,0,0,NaN,1,0,1,0,0,0,NaN,NaN,0,1,MAIN_CONCLUSION_ELIGIBLE,159.0148,159.0148,0,0,0,0.89375,57.958800440232,17012.6728130085,0,58.2095480521704,21.7164515075976,0,0,0,159.0148,0,0
15,NORMAL,135.436,135.436,44.1040829146878,47.1985676390944,23.0033494462178,40.5757562815128,831.399817493296,0,0,0,831.399817493297,21.5280014710202,0,0,129324.681381123,5618.61936122654,-147284.560844007,1,1,PASS_STRICT,1,0,model_online_prior_posterior_event_aware,0.385842238506184,0.412914174576089,0.201243586917728,1,KALMAN_PRIOR_POSTERIOR,227.429826132867,177.266853795136,194.331678327649,177.266853795136,-41.8308537951362,6,156.136853795136,60,360,114.306,0.535842238506184,0.335901106159869,0.128256655333948,0.468393608371764,0.384278269618041,0.147328122010195,1,0,0.0726369862986054,0,0.5,0.5,0,0,0,NONE,PLAN_SOLVED,0,,0,0,NaN,1,0,1,0,0,0,NaN,NaN,0,1,MAIN_CONCLUSION_ELIGIBLE,135.436,135.436,0,0,0,0.89375,47.1985676390944,17844.0726305018,0,44.1040829146878,23.0033494462178,0,0,0,135.436,0,0
16,NORMAL,124.074470669534,124.074470669534,34.7104919222692,45.6830392218717,22.1909395253928,31.9336525684876,804.703879194498,0,0,0,804.703879194498,20.7676630881262,0,0,122054.567562468,5297.95299057142,-139578.016585853,1,1,PASS_STRICT,1,0,model_online_prior_posterior_event_aware,0.338360101638442,0.445321196509707,0.216318701851851,1,KALMAN_PRIOR_POSTERIOR,231.466714202386,158.155776353236,194.212998713261,158.155776353236,-34.0813056837021,6,137.025776353236,60,360,102.584470669534,0.488360101638442,0.371591555671204,0.140048342690354,0.400178990312636,0.437873819049398,0.161947190637966,1,0,0.0949642737354834,0,0.5,0.5,0,0,0,NONE,PLAN_SOLVED,0,,0,0,NaN,1,0,1,0,0,0,NaN,NaN,0,1,MAIN_CONCLUSION_ELIGIBLE,124.074470669534,124.074470669534,0,0,0,0.89375,45.6830392218717,18648.7765096963,0,34.7104919222692,22.1909395253928,0,0,0,121.912,0,2.16247066953362
17,NORMAL,115.865415331254,115.865415331254,27.376978954598,43.7272062081332,23.2712301685225,25.1868206382301,770.252002961656,0,0,0,770.252002961657,21.7786313530697,0,0,124401.635360296,5013.19031699087,-141232.791847298,1,1,PASS_STRICT,1,0,model_online_prior_posterior_event_aware,0.290085917593114,0.463332596255631,0.246581486151255,1,KALMAN_PRIOR_POSTERIOR,242.338250113863,149.685152478177,193.681860538705,149.685152478177,-33.8197371469228,6,128.195152478177,60,360,94.3754153312538,0.440085917593114,0.405347257565869,0.154566824841017,0.350433861508934,0.468036418227391,0.181529720263675,1,0,0.0965483680906554,0,0.5,0.5,0,0,0,NONE,PLAN_SOLVED,0,,0,0,NaN,1,0,1,0,0,0,NaN,NaN,0,1,MAIN_CONCLUSION_ELIGIBLE,115.865415331254,115.865415331254,0,0,0,0.89375,43.7272062081332,19419.028512658,0,27.376978954598,23.2712301685225,0,0,0,112.504,0,3.36141533125378
18,NORMAL,111.446227758567,111.446227758567,23.1133574662914,44.8980378518306,21.9448324404445,21.2642888689881,790.876129149738,0,0,0,790.876129149739,20.5372747591779,0,0,116620.583490569,4996.99100719541,-134052.839506061,1,1,PASS_STRICT,1,0,model_online_prior_posterior_event_aware,0.256940047867785,0.499109833421789,0.243950118710427,1,KALMAN_PRIOR_POSTERIOR,263.872543710619,146.66989389403,193.625469067365,146.66989389403,-35.2236661354635,6,125.17989389403,60,360,89.9562277585666,0.406940047867785,0.431234287478414,0.161825664653801,0.345383432663602,0.47931020017314,0.175306367163258,1,0,0.0662917394506586,0,0.5,0.5,0,0,0,NONE,PLAN_SOLVED,0,,0,0,NaN,1,0,1,0,0,0,NaN,NaN,0,1,MAIN_CONCLUSION_ELIGIBLE,111.446227758567,111.446227758567,0,0,0,0.89375,44.8980378518306,20209.9046418077,0,23.1133574662914,21.9448324404445,0,0,0,106.624,0,4.82222775856656
19,NORMAL,110.167470774166,110.167470774166,21.2393244190689,45.1990665353438,22.2390798197537,19.5401784655434,796.178730585588,0,0,0,796.178730585587,20.8126154564419,0,0,117305.332507571,4989.97497253289,-134894.986334445,1,1,PASS_STRICT,1,0,model_online_prior_posterior_event_aware,0.2395120681008,0.509701800702589,0.250786131196611,1,KALMAN_PRIOR_POSTERIOR,293.987799065906,149.41804709601,193.289303669537,149.41804709601,-39.250576321844,6,127.92804709601,60,360,88.6774707741665,0.3895120681008,0.444457063524131,0.166030868375069,0.357145819962115,0.469013647609033,0.173840532428852,1,0,0.0348559595339691,0,0.5,0.5,0,0,0,NONE,PLAN_SOLVED,0,,0,0,NaN,1,0,1,0,0,0,NaN,NaN,0,1,MAIN_CONCLUSION_ELIGIBLE,110.167470774166,110.167470774166,0,0,0,0.89375,45.1990665353438,21006.0833723933,0,21.2393244190689,22.2390798197537,0,0,0,103.684,0,6.48347077416645
20,NORMAL,109.854633421327,109.854633421327,21.1643960977112,45.3304372623805,21.8698000612357,19.4712444098943,798.49281772733,0,0,0,798.492817727329,20.4669892447738,0,0,115549.535455336,4991.8175304722,-133202.974235611,1,1,PASS_STRICT,1,0,model_online_prior_posterior_event_aware,0.2395120681008,0.512992987208383,0.247494944690817,1,KALMAN_PRIOR_POSTERIOR,323.327659462374,155.63269564538,192.777041688082,155.63269564538,-45.7780622240529,6,134.14269564538,60,360,88.3646334213275,0.3895120681008,0.444457063524131,0.166030868375069,0.389681266897552,0.447284883543835,0.163033849558613,1,1,0,0,0.5,0.5,0,0,0,NONE,PLAN_SOLVED,0,,0,0,NaN,1,0,1,0,0,0,NaN,NaN,0,1,MAIN_CONCLUSION_ELIGIBLE,109.854633421327,109.854633421327,0,0,0,0.89375,45.3304372623805,21804.5761901206,0,21.1643960977112,21.8698000612357,0,0,0,101.332,0,8.52263342132742
21,NORMAL,120.438633421327,120.438633421327,23.6993918264901,51.9972985029983,23.251943091839,21.8034404803709,915.929161581792,0,0,0,915.929161581793,21.7604414875761,0,0,122952.800240273,5614.52473396282,-143314.02652877,1,1,PASS_STRICT,1,0,model_online_prior_posterior_event_aware,0.2395120681008,0.525497894261881,0.234990037637319,1,KALMAN_PRIOR_POSTERIOR,346.909868158026,161.420894939539,192.338105500802,161.420894939539,-40.9822615182119,6,139.930894939539,60,360,98.9486334213274,0.3895120681008,0.444457063524131,0.166030868375069,0.405049591601553,0.428783079147207,0.166167329251239,1,1,0,0,0.5,0.5,0,0,0,NONE,PLAN_SOLVED,0,,0,0,NaN,1,0,1,0,0,0,NaN,NaN,0,1,MAIN_CONCLUSION_ELIGIBLE,120.438633421327,120.438633421327,0,0,0,0.89375,51.9972985029983,22720.5053517024,0,23.6993918264901,23.251943091839,0,0,0,111.916,0,8.52263342132742
22,NORMAL,135.451470774166,135.451470774166,27.986222338307,55.879113330254,30.0961351056054,25.7473245512425,984.307087022266,0,0,0,984.307087022265,28.165565870142,0,0,156561.260586106,6154.10422006126,-178322.105353996,1,1,PASS_STRICT,1,0,model_online_prior_posterior_event_aware,0.245576177178043,0.490333381542502,0.264090441279455,1,KALMAN_PRIOR_POSTERIOR,365.514164283297,173.381303537352,191.932283840064,173.381303537352,-37.9298327631852,6,151.891303537352,60,360,113.961470774166,0.395576177178043,0.427153854587445,0.177269968234512,0.40683809403578,0.395019323705029,0.198142582259191,1,0,0.0346064178733709,0,0.5,0.5,0,0,0,NONE,PLAN_SOLVED,0,,0,0,NaN,1,0,1,0,0,0,NaN,NaN,0,1,MAIN_CONCLUSION_ELIGIBLE,135.451470774166,135.451470774166,0,0,0,0.89375,55.879113330254,23704.8124387247,0,27.986222338307,30.0961351056054,0,0,0,128.968,0,6.48347077416645
23,NORMAL,149.660359508325,149.660359508325,37.8742452075826,60,30.2961143007426,34.844305590976,1056.89624801832,0,0,0,1056.89624801832,28.3526714970511,0,0,161147.771091138,6692.34405823062,-184429.004626707,1,1,PASS_STRICT,1,0,model_online_prior_posterior_event_aware,0.295499250785222,0.468126954080227,0.236373795134551,1,KALMAN_PRIOR_POSTERIOR,377.201820649596,187.594038078877,191.902660837217,187.594038078877,-37.9336785705522,6,166.104038078877,60,360,128.170359508325,0.416860386907435,0.404076793432821,0.179062819659744,0.456388204976306,0.361219394145661,0.182392400878033,1,0,0.0461541223092488,0,0.5,0.5,0,0,0,NONE,PLAN_SOLVED,0,,0,0,NaN,1,0,1,0,0,0,NaN,NaN,0,1,MAIN_CONCLUSION_ELIGIBLE,149.660359508325,149.660359508325,0,0,0,0.89375,60,24761.708686743,0,37.8742452075826,30.2961143007426,0,0,0,143.668,1.1701317497587,4.82222775856656
24,NORMAL,176.716251931771,176.716251931771,65.7098464872128,60,29.8764054445578,60.4530587682358,1056.89624801832,0,0,0,1056.89624801832,27.9598413090345,0,0,169461.437151216,7233.46190669953,-192201.552838316,1,1,PASS_STRICT,1,0,model_online_prior_posterior_event_aware,0.422337100298737,0.385638186247406,0.192024713453857,1,KALMAN_PRIOR_POSTERIOR,374.288117306417,198.897997243096,192.63005593897,198.897997243096,-22.1817453113258,6,177.407997243096,60,360,141.926397794477,0.443646264508242,0.381021129692023,0.175332605799735,0.493391465766884,0.338203468459113,0.168405065774003,1,0,0.053571755201614,0,0.5,0.5,0,0,0,NONE,PLAN_SOLVED,0,,0,0,NaN,1,0,1,0,0,0,NaN,NaN,0,1,MAIN_CONCLUSION_ELIGIBLE,176.716251931771,176.716251931771,0,0,0,0.89375,60,25818.6049347613,0,65.7098464872128,29.8764054445578,0,0,0,161.2492,15.4670519317706,0
25,NORMAL,211.253226442193,211.253226442193,98.7117564913352,60,31.4114699508575,90.8148159720284,1056.89624801832,0,0,0,1056.89624801832,29.3969618001567,0,0,188832.427242997,7924.20139690797,-210881.803439889,1,1,PASS_STRICT,1,0,model_online_prior_posterior_event_aware,0.519198828773026,0.315584797937579,0.165216373289395,1,KALMAN_PRIOR_POSTERIOR,372.575536970451,219.001862269829,193.25837838892,219.001862269829,-7.74863582763669,6,197.871862269829,60,360,158.297489815864,0.476679500487859,0.3537930230178,0.169527476494342,0.538026938735718,0.303226539194242,0.15874652207004,1,0,0.066066471959233,0,0.5,0.5,0,0,0,NONE,PLAN_SOLVED,0,,0,0,NaN,1,0,1,0,0,0,NaN,NaN,0,1,MAIN_CONCLUSION_ELIGIBLE,211.253226442193,211.253226442193,0,0,0,0.89375,60,26875.5011827796,0,98.7117564913352,31.4114699508575,0,0,0,175.7728,35.4804264421927,0
26,NORMAL,234.917611746144,234.917611746144,122.331115865871,60,31.456495880273,112.544626596601,1056.89624801832,0,0,0,1056.89624801832,29.4396308649004,0,0,197766.814762782,8397.48910298699,-219342.903253594,1,1,PASS_STRICT,1,0,model_online_prior_posterior_event_aware,0.572208627369529,0.280652370406033,0.147139002224437,1,KALMAN_PRIOR_POSTERIOR,363.290903539121,242.385115499537,193.706456856906,242.385115499537,-7.46750375339266,6,221.255115499537,60,360,177.004092399629,0.515168077665701,0.324878524723318,0.159953397610981,0.586646863853123,0.271180170747852,0.142172965399025,1,0,0.0769771543556849,0,0.5,0.5,0,0,0,NONE,PLAN_SOLVED,0,,0,0,NaN,1,0,1,0,0,0,NaN,NaN,0,1,MAIN_CONCLUSION_ELIGIBLE,234.917611746144,234.917611746144,0,0,0,0.89375,60,27932.397430798,0,122.331115865871,31.456495880273,0,0,0,182.476,52.4416117461439,0
27,NORMAL,235.344559933185,235.344559933185,123.649331944674,60,30.5652279885109,113.7573853891,1056.89624801832,0,0,0,1056.89624801832,28.6060232724128,0,0,194085.505414125,8406.02806672781,-215653.054941197,1,1,PASS_STRICT,1,0,model_online_prior_posterior_event_aware,0.57722188437257,0.280093005903588,0.142685109723842,1,KALMAN_PRIOR_POSTERIOR,344.828429762652,257.052833140486,194.094917099097,257.052833140486,-21.7082732073012,6,235.922833140486,60,360,188.738266512389,0.55050248062693,0.30018319695375,0.14931432241932,0.616123514697784,0.254320445381696,0.12955603992052,1,0,0.0706688059224579,0,0.5,0.5,0,0,0,NONE,PLAN_SOLVED,0,,0,0,NaN,1,0,1,0,0,0,NaN,NaN,0,1,MAIN_CONCLUSION_ELIGIBLE,235.344559933185,235.344559933185,0,0,0,0.89375,60,28989.2936788163,0,123.649331944674,30.5652279885109,0,0,0,176.89,58.4545599331846,0
28,NORMAL,209.956409748643,209.956409748643,98.0037861466356,60,30.8226236020074,90.1634832549048,1056.89624801832,0,0,0,1056.89624801832,28.8474401693405,0,0,185823.413216226,7898.26506303698,-207898.725746989,1,1,PASS_STRICT,1,0,model_online_prior_posterior_event_aware,0.519015249387486,0.317752162316009,0.163232588296505,1,KALMAN_PRIOR_POSTERIOR,323.236105831807,255.272248764537,194.024573035923,255.272248764537,-45.3158390158938,6,234.142248764537,60,360,187.313799011629,0.572063338464279,0.28480814571621,0.143128515819511,0.612104931590785,0.256254479132207,0.131640589277008,1,0,0.0431217156746987,0,0.5,0.5,0,0,0,NONE,PLAN_SOLVED,0,,0,0,NaN,1,0,1,0,0,0,NaN,NaN,0,1,MAIN_CONCLUSION_ELIGIBLE,209.956409748643,209.956409748643,0,0,0,0.89375,60,30046.1899268346,0,98.0037861466356,30.8226236020074,0,0,0,148.96,60.996409748643,0
29,NORMAL,173.53876448071,173.53876448071,64.3261519479443,56.8864070764828,31.1962054562824,59.1800597921088,1002.05050337296,0,0,0,1002.05050337296,29.197608496443,0,0,175139.36767918,6977.95205141954,-196579.567903418,1,1,PASS_STRICT,1,0,model_online_prior_posterior_event_aware,0.422063338464279,0.373248922201472,0.204687739334249,1,KALMAN_PRIOR_POSTERIOR,300.73814113645,233.626740926008,193.268622612601,233.626740926008,-60.0879764452982,6,212.496740926008,60,360,152.40876448071,0.572063338464279,0.28480814571621,0.143128515819511,0.570834804059243,0.282357271638779,0.146807924301978,1,1,0,0,0.5,0.5,0,0,0,NONE,PLAN_SOLVED,0,,0,0,NaN,1,0,1,0,0,0,NaN,NaN,0,1,MAIN_CONCLUSION_ELIGIBLE,173.53876448071,173.53876448071,0,0,0,0.89375,56.8864070764828,31048.2404302075,0,64.3261519479443,31.1962054562824,0,0,0,124.852,48.6867644807095,0
30,NORMAL,149.387038948077,149.387038948077,50.8949849019393,45.9040048299882,31.4580492161495,46.8233861097842,808.596174563822,0,0,0,808.596174563823,29.4432080154366,0,0,171408.137858484,5817.82738993492,-188522.097979179,1,1,PASS_STRICT,1,0,model_online_prior_posterior_event_aware,0.396820208226883,0.357906320046666,0.245273471726451,1,KALMAN_PRIOR_POSTERIOR,284.505302789968,204.024191078792,192.439713345324,204.024191078792,-54.6371521307154,6,182.894191078792,60,360,128.257038948077,0.546820208226883,0.299945781228162,0.153234010544955,0.499940109214576,0.328058532893215,0.172001357892209,1,0,0.0504862604747927,0,0.5,0.5,0,0,0,NONE,PLAN_SOLVED,0,,0,0,NaN,1,0,1,0,0,0,NaN,NaN,0,1,MAIN_CONCLUSION_ELIGIBLE,149.387038948077,149.387038948077,0,0,0,0.89375,45.9040048299882,31856.8366047714,0,50.8949849019393,31.4580492161495,0,0,0,103.684,45.703038948077,0
31,NORMAL,119.828151936921,119.828151936921,35.2062746982996,33.2554663035443,30.2364109350767,32.3897727224356,585.792959371928,0,0,0,585.792959371927,28.3003241298793,0,0,159900.932033819,4446.83839654016,-172067.181965066,1,1,PASS_STRICT,1,0,model_online_prior_posterior_event_aware,0.356706523955995,0.336941124538972,0.306352351505033,1,KALMAN_PRIOR_POSTERIOR,264.699568258736,180.055589311543,191.059238157113,180.055589311543,-60.2274373746228,6,158.925589311543,60,360.000000000001,98.6981519369206,0.506706523955995,0.327102068667944,0.166191407376061,0.432209681738632,0.377535173913254,0.190255144348113,1,0,0.0802273685417757,0,0.5,0.5,0,0,0,NONE,PLAN_SOLVED,0,,0,0,NaN,1,0,1,0,0,0,NaN,NaN,0,1,MAIN_CONCLUSION_ELIGIBLE,119.828151936921,119.828151936921,0,0,0,0.89375,33.2554663035443,32442.6295641433,0,35.2062746982996,30.2364109350767,0,0,0,90.748,29.0801519369206,0
32,NORMAL,103.495924044676,103.495924044676,30.1685271140419,30.4664601742961,21.7309367563383,27.7550449449186,536.664790810218,0,0,0,536.66479081022,20.3398361167673,0,0,118238.39032203,3948.24524872929,-129509.958540679,1,1,PASS_STRICT,1,0,model_online_prior_posterior_event_aware,0.366274372126004,0.369891560468267,0.263834067405729,1,KALMAN_PRIOR_POSTERIOR,245.312388720902,153.612112354604,189.813784544775,153.612112354604,-50.1161883099279,6,132.482112354604,40,240,82.3659240446763,0.516274372126004,0.318290988185493,0.165434639688503,0.534043233013163,0.301927553003799,0.164029213983038,1,0,0.0191356963400174,0,0.5,0.5,0,0,0,NONE,PLAN_SOLVED,0,,0,0,NaN,1,0,1,0,0,0,NaN,NaN,0,1,MAIN_CONCLUSION_ELIGIBLE,103.495924044676,103.495924044676,0,0,0,0.89375,30.4664601742961,32979.2943549535,0,30.1685271140419,21.7309367563383,0,0,0,86.044,17.4519240446763,0
33,NORMAL,99.4747257814166,99.4747257814166,27.071336396352,29.1369343747194,22.1364550103451,24.9056294846439,513.245276989948,0,0,0,513.245276989946,20.719768829765,0,0,118994.469486192,3785.85298509315,-129764.252556534,1,1,PASS_STRICT,1,0,model_online_prior_posterior_event_aware,0.345541274493469,0.371906775907443,0.282551949599088,1,KALMAN_PRIOR_POSTERIOR,229.250851850878,135.569564620142,189.357469078469,135.569564620142,-36.0948388387253,6,114.439564620142,40,240,78.3447257814166,0.49554127449347,0.329224455692918,0.175234269813613,0.457036950318764,0.349529466778134,0.193433582903102,1,0,0.0414661952650681,0,0.5,0.5,0,0,0,NONE,PLAN_SOLVED,0,,0,0,NaN,1,0,1,0,0,0,NaN,NaN,0,1,MAIN_CONCLUSION_ELIGIBLE,99.4747257814166,99.4747257814166,0,0,0,0.89375,29.1369343747194,33492.5396319435,0,27.071336396352,22.1364550103451,0,0,0,94.276,5.19872578141655,0
34,NORMAL,111.328,111.328,29.0717182774511,38.5114886722258,22.6147930503232,26.745980815255,678.377464721257,0,0,0,678.377464721256,21.167875948036,0,0,121973.611680574,4600.8811265244,-136611.515453545,1,1,PASS_STRICT,1,0,model_online_prior_posterior_event_aware,0.322310009949789,0.426966104262021,0.25072388578819,1,KALMAN_PRIOR_POSTERIOR,226.124478267733,130.820065065391,189.779451635092,130.820065065391,-19.4920650653913,6,109.690065065391,40,240,87.7520520523131,0.472310009949789,0.341628239126385,0.186061750923826,0.429166232940098,0.364663836931395,0.206169930128507,1,0,0.0464625290873606,0,0.5,0.5,0,0,0,NONE,PLAN_SOLVED,0,,0,0,NaN,1,0,1,0,0,0,NaN,NaN,0,1,MAIN_CONCLUSION_ELIGIBLE,111.328,111.328,0,0,0,0.89375,38.5114886722258,34170.9170966647,0,29.0717182774511,22.6147930503232,0,0,0,111.328,0,0
35,NORMAL,129.11085859082,129.11085859082,45.1420776750949,40,22.4787809157252,41.5307114610873,704.59749867888,0,0,0,704.597498678879,21.0409454225665,0,0,127272.662850625,5048.30841719248,-142206.739495966,1,1,PASS_STRICT,1,0,model_online_prior_posterior_event_aware,0.419454725284504,0.371675161523121,0.208870113192375,1,KALMAN_PRIOR_POSTERIOR,223.92312422981,137.44799670682,190.755904057004,137.44799670682,-8.33713811599986,6,116.31799670682,40,240,93.0543973654559,0.472310009949789,0.341628239126385,0.186061750923826,0.462862302613384,0.343884877082436,0.193252820304179,1,1,0,0,0.5,0.5,0,0,0,NONE,PLAN_SOLVED,0,,0,0,NaN,1,0,1,0,0,0,NaN,NaN,0,1,MAIN_CONCLUSION_ELIGIBLE,129.11085859082,129.11085859082,0,0,0,0.89375,40,34875.5145953436,0,45.1420776750949,22.4787809157252,0,0,0,128.968,0,0.142858590820011
36,NORMAL,139.385415331254,139.385415331254,55.0845760369811,40,22.8108392942727,50.6778099540227,704.59749867888,0,0,0,704.597498678879,21.3521490135898,0,0,132499.777314896,5253.79955200116,-147228.362825428,1,1,PASS_STRICT,1,0,model_online_prior_posterior_event_aware,0.467232554227903,0.339283761693455,0.193483684078643,1,KALMAN_PRIOR_POSTERIOR,206.498257665627,147.530555803824,189.287226950895,147.530555803824,-8.14514047256969,6,126.040555803823,40,240,100.832444643059,0.482583093181308,0.333133714555371,0.184283192263322,0.501661676325556,0.317358168923487,0.180980154750957,1,0,0.0205461664630362,0,0.5,0.5,0,0,0,NONE,PLAN_SOLVED,0,,0,0,NaN,1,0,1,0,0,0,NaN,NaN,0,1,MAIN_CONCLUSION_ELIGIBLE,139.385415331254,139.385415331254,0,0,0,0.89375,40,35580.1120940225,0,55.0845760369811,22.8108392942727,0,0,0,136.024,0,3.36141533125378
37,NORMAL,139.082227758567,139.082227758567,55.2338198094969,40,22.3584079490697,50.8151142247371,704.59749867888,0,0,0,704.597498678879,20.929026817543,0,0,130439.272030671,5247.73580054741,-145173.921292657,1,1,PASS_STRICT,1,0,model_online_prior_posterior_event_aware,0.469706381640287,0.340158535665517,0.190135082694195,1,KALMAN_PRIOR_POSTERIOR,207.036747212617,155.221428691786,189.446769883052,155.221428691786,-16.1392009332194,6,133.731428691786,40,240,106.985142953429,0.500475468994418,0.321224347601828,0.178300183403754,0.533704166933051,0.299106951830964,0.167188881235986,1,0,0.0357847516262201,0,0.5,0.5,0,0,0,NONE,PLAN_SOLVED,0,,0,0,NaN,1,0,1,0,0,0,NaN,NaN,0,1,MAIN_CONCLUSION_ELIGIBLE,139.082227758567,139.082227758567,0,0,0,0.89375,40,36284.7095927014,0,55.2338198094969,22.3584079490697,0,0,0,134.26,0,4.82222775856656
38,NORMAL,137.803470774166,137.803470774166,53.8582148820459,40,22.4552558921206,49.5495576914822,704.59749867888,0,0,0,704.597498678879,21.0200622969703,0,0,130386.530968751,5222.16066085941,-145146.755370425,1,1,PASS_STRICT,1,0,model_online_prior_posterior_event_aware,0.463043657141112,0.343898258161892,0.193058084696996,1,KALMAN_PRIOR_POSTERIOR,216.07650205375,156.254732282379,191.734403905074,156.254732282379,-18.4512615082125,6,134.764732282379,40,240,107.811785825903,0.513105344780452,0.31268057206798,0.174214083151568,0.536560828383088,0.296813560362262,0.166625611254649,1,0,0.0252597515720695,0,0.5,0.5,0,0,0,NONE,PLAN_SOLVED,0,,0,0,NaN,1,0,1,0,0,0,NaN,NaN,0,1,MAIN_CONCLUSION_ELIGIBLE,137.803470774166,137.803470774166,0,0,0,0.89375,40,36989.3070913802,0,53.8582148820459,22.4552558921206,0,0,0,131.32,0,6.48347077416645
39,NORMAL,123.966633421327,123.966633421327,40.4441297138912,40,22.0325037074362,37.2085993367799,704.59749867888,0,0,0,704.597498678879,20.6247016140389,0,0,123456.807328018,4945.42391380263,-138493.768476748,1,1,PASS_STRICT,1,0,model_online_prior_posterior_event_aware,0.394666846124885,0.39033288530803,0.215000268567086,1,KALMAN_PRIOR_POSTERIOR,223.596750043997,155.253812220984,193.965489591747,155.253812220984,-31.2871787996568,6,133.763812220984,40,240,102.476633421327,0.521207188737119,0.307904460697272,0.170888350565609,0.536253470370929,0.299034539580242,0.164711990048829,1,0,0.0162036879133336,0,0.5,0.5,0,0,0,NONE,PLAN_SOLVED,0,,0,0,NaN,1,0,1,0,0,0,NaN,NaN,0,1,MAIN_CONCLUSION_ELIGIBLE,123.966633421327,123.966633421327,0,0,0,0.89375,40,37693.9045900591,0,40.4441297138912,22.0325037074362,0,0,0,115.444,0,8.52263342132742
40,NORMAL,100.171470774166,100.171470774166,28.5267225347147,27.7783463462033,22.3764018932484,26.2445847319375,489.313833824261,0,0,0,489.313833824264,20.9470036314146,0,0,120668.019793389,3716.02783386824,-130828.932286777,1,1,PASS_STRICT,1,0,model_online_prior_posterior_event_aware,0.362559599535103,0.353048132843544,0.284392267621353,1,KALMAN_PRIOR_POSTERIOR,226.992037388517,145.375553134624,193.886570103219,145.375553134624,-45.2040823604575,6,123.885553134624,40,240,78.6814707741664,0.512559599535104,0.313145426527723,0.174294973937173,0.496499791017075,0.322878648784276,0.180621560198649,1,0,0.0172951784040309,0,0.5,0.5,0,0,0,NONE,PLAN_SOLVED,0,,0,0,NaN,1,0,1,0,0,0,NaN,NaN,0,1,MAIN_CONCLUSION_ELIGIBLE,100.171470774166,100.171470774166,0,0,0,0.89375,27.7783463462033,38183.2184238834,0,28.5267225347147,22.3764018932484,0,0,0,93.688,0,6.48347077416645
41,NORMAL,79.9974153312537,79.9974153312537,21.5289209239019,21.3809253999277,21.3497554012603,19.8066072499897,376.623663905719,0,0,0,376.623663905717,19.9862994665775,0,0,113280.681086598,3090.69672211017,-118440.944644115,1,1,PASS_STRICT,1,0,model_online_prior_posterior_event_aware,0.335030413291466,0.332727325192549,0.332242261515984,1,KALMAN_PRIOR_POSTERIOR,237.068548664587,129.86356228706,193.41911211591,129.86356228706,-49.8661469558063,6,108.37356228706,40,240,58.5074153312537,0.485030413291466,0.332727325192549,0.182242261515984,0.43390478169614,0.369093708427226,0.197001509876634,1,0,0.055058372487275,0,0.5,0.5,0,0,0,NONE,PLAN_SOLVED,0,,0,0,NaN,1,0,1,0,0,0,NaN,NaN,0,1,MAIN_CONCLUSION_ELIGIBLE,79.9974153312537,79.9974153312537,0,0,5.75218639383603,0.855906668461605,21.3809253999277,38559.8420877891,0,21.5289209239019,21.3497554012603,0,0,0,76.636,0,3.36141533125378
42,NORMAL,70.756,70.756,18.6365708757634,23.2489567214344,22.5477049945773,17.1456452057023,409.528918820404,0,0,0,409.528918820404,21.1081252771297,0,0,117821.859632505,3292.68819362467,-119887.901336224,1,1,PASS_STRICT,1,0,model_online_prior_posterior_event_aware,0.289238489613547,0.360822448079411,0.349939062307042,1,KALMAN_PRIOR_POSTERIOR,257.521447212617,118.342510158972,193.464609853453,118.342510158972,-47.5865101589724,6,96.8525101589724,40,240,49.626,0.439238489613547,0.360822448079411,0.199939062307042,0.35419634564027,0.412999104869296,0.232804549490434,1,0,0.0915838473558376,0,0.5,0.5,0,0,0,NONE,PLAN_SOLVED,0,,0,0,NaN,1,0,1,0,0,0,NaN,NaN,0,1,MAIN_CONCLUSION_ELIGIBLE,70.756,70.756,0,0,14.8072325917751,0.758490664568348,23.2489567214344,38969.3710066095,0,18.6365708757634,22.5477049945773,0,0,0,70.756,0,0
43,NORMAL,81.34,81.34,15.8240018332094,23.146510151502,21.8964971334299,14.5580816865527,407.72432889734,0,0,0,407.72432889734,20.4988640975327,0,0,113737.060991745,3073.54542468493,-121949.015387773,1,1,PASS_STRICT,1,0,model_online_prior_posterior_event_aware,0.259976661618044,0.380280064469329,0.359743273912628,1,KALMAN_PRIOR_POSTERIOR,286.328618720417,117.187871925031,193.281722664602,117.187871925031,-35.8478719250311,5,96.0578719250311,40,200,60.21,0.409976661618044,0.380280064469329,0.209743273912628,0.355633266769251,0.416415637764891,0.227951095465858,1,0,0.0585236559910073,0,0.5,0.5,0,0,0,NONE,PLAN_SOLVED,0,,0,0,NaN,1,0,1,0,0,0,NaN,NaN,0,1,MAIN_CONCLUSION_ELIGIBLE,81.34,81.34,0,0,0.657009118141387,0.754168236159523,23.146510151502,39377.0953355068,0,15.8240018332094,21.8964971334299,0,0,0,81.34,0,0
44,NORMAL,111.328,111.328,25.6552278429265,40,22.0895228571942,23.6028096154924,704.59749867888,0,0,0,704.597498678879,20.6799421363585,0,0,118272.462292874,4692.65124537608,-134497.553830344,1,1,PASS_STRICT,1,0,model_online_prior_posterior_event_aware,0.292384759637721,0.455867726340751,0.251747514021529,1,KALMAN_PRIOR_POSTERIOR,314.432950043997,130.810938375151,192.966870148719,130.810938375151,-19.4829383751508,4,109.680938375151,40,160,87.7447507001207,0.41835256275029,0.374825005280474,0.206822431969236,0.433907807710177,0.3646941810726,0.201398011217223,1,0,0.016751802264493,0,0.5,0.5,0,0,0,NONE,PLAN_SOLVED,0,,0,0,NaN,1,0,1,0,0,0,NaN,NaN,0,1,MAIN_CONCLUSION_ELIGIBLE,111.328,111.328,0,2.45324929987936,0,0.768734403877557,40,40081.6928341857,0,25.6552278429265,22.0895228571942,0,0,0,111.328,0,0
45,NORMAL,186.9448,186.9448,82.6035793456963,40,22.1559623599975,75.9952929980406,704.59749867888,0,0,0,704.597498678879,20.7425160919811,0,0,139612.531351739,6204.98724537608,-161417.730664541,1,1,PASS_STRICT,1,0,model_online_prior_posterior_event_aware,0.570626145761328,0.276320300055404,0.153053554183268,1,KALMAN_PRIOR_POSTERIOR,337.473566710664,158.277630364615,192.638798028017,158.277630364615,28.667169635385,3,137.147630364615,40,120,109.718104291692,0.46330749096791,0.34571603390522,0.19097647512687,0.546795214800633,0.291656515636892,0.161548269562475,1,0,0.0899098564352402,0,0.5,0.5,0,0,0,NONE,PLAN_SOLVED,0,,0,0,NaN,1,0,1,0,0,0,NaN,NaN,0,1,MAIN_CONCLUSION_ELIGIBLE,186.9448,186.9448,0,21.0552582943062,0,0.89375,40,40786.2903328646,0,82.6035793456963,22.1559623599975,0,0,0,186.9448,0,0
46,NORMAL,364.5796,324.95782873924,182.547959051312,100,21.2798696879284,167.944122327207,1761.4937466972,0,0,0,1761.4937466972,19.9226733376871,39.6217712607594,0,172416.060743237,72664.384688225,-149707.638711344,1,1,PASS_STRICT,1,0,model_online_prior_posterior_event_aware,0.600826987471195,0.329133774266033,0.0700392382627723,1,KALMAN_PRIOR_POSTERIOR,355.928218720417,217.487545902289,192.269278873673,217.487545902289,147.092054097711,2,196.357545902289,40,80,157.086036721832,0.541920787597191,0.296013929746198,0.162065282656611,0.687916909908712,0.203710022022299,0.108373068068989,1,0,0.157226593258561,0,0.5,0.5,0,0,0,NONE,PLAN_SOLVED,0,,0,0,NaN,1,0,1,0,0,1,40,40,79.6217712607594,1,MAIN_CONCLUSION_ELIGIBLE,364.5796,324.95782873924,39.6217712607594,0,0,0.89375,100,42547.7840795618,0,182.547959051312,21.2798696879284,0,0,0,364.5796,0,0
47,NORMAL,576.31054904882,343.802146541939,200,100,22.6721465419392,184,1761.4937466972,0,0,0,1761.4937466972,21.2265358273931,232.508402506881,0,185379.239136966,13041.271044279,-222293.930749019,1,1,PASS_STRICT,1,0,model_online_prior_posterior_event_aware,0.619824184217292,0.309912092108646,0.070263723674062,1,KALMAN_PRIOR_POSTERIOR,367.720926435376,349.005664208388,192.210996382426,349.005664208388,227.304884840432,1,322.672146541939,100,100,258.137717233551,0.569186976414226,0.300878286573055,0.129934737012719,0.619824184217292,0.309912092108646,0.070263723674062,1,0,0.0642610912877846,0,0.5,0.5,0,0,0,NONE,PLAN_SOLVED,0,,0,0,NaN,1,0,1,0,0,0,0,0,232.508402506881,1,MAIN_CONCLUSION_ELIGIBLE,576.31054904882,343.802146541939,232.508402506881,0,0,0.89375,100,44309.277826259,0,200,22.6721465419392,0,0,0,576.142,0.168549048820404,0
